FarmNm_CH,FarmNm_EN,FarmNm_JP,Feature_CH,Feature_EN,Feature_JP,CertifySDate,CertifyEDate,TEL,FAX,PCode,County,Township,Address_CH,Address_EN,Address_JP,WebURL,Longitude,Latitude,IdentifyItem,Photo
晁陽綠能休閒農場(附設田媽媽班),,,晁陽綠能休閒農場致力於推廣太陽能發電與農業發展共榮的模組，不僅以友善土地的方式生產安心農產品，更發展六級化農業，種植、加工及品牌經營，提升農業的價值。同時申設休閒農場並推動環境教育，打造以綠能、綠農及綠色教育為根基的綠色經濟平台，朝著深耕永續的目標邁進；除推出以體驗及實踐ESG的活動方案，亦提供戶外教育、食農教育、農事體驗及導覽、農藝手做DIY、餐飲宴會、露營住宿等多樣服務。。晁陽綠能休閒農場-ESG農電共榮。建議遊程。《綠光尋寶一日遊》。「綠能」跟「農業」如何在ESG太陽能農場激盪出火...,,,1150901,1150930,(05)6938238,(05)6938249,638,10009,麥寮鄉,興華村興華路32號,,,https://www.solarfarm.com.tw/,120.297076,23.751210,,https://ezgo.ardswc.gov.tw/_api/content/images/agrispots/1392/480x360_vbn1h8mvppj1kpr4cbjcsgytkvfgsy6y.jpg
三富休閒農場(紫森林),Sanfu Leisure Farm(三富休閒農場),,【目前僅開放住客入園，暫停一日遊及入園參觀】。三富休閒農場設立於1989年，佔地面積約14公頃，緊鄰仁山植物園及新寮瀑布，景緻天然怡人，生態景觀豐富而特殊，四季各具不同風情，營業項目有：特色餐飲、休閒住宿、會議研習、高空繩索、自然旅遊、套裝行程、環境教育、創意DIY。。三富休閒農場自成立以來，秉持對土地與生態環境保護的熱忱，結合四季時令，讓各種植物與昆蟲，保持其自然的食物鏈關係，利用自然生態工法維持生態平衡。這塊土地自轉型休閒農場以來，常年不使用農藥及化學肥料，以尊重環境倫理的方式，讓園內作...,Founded in 1989， Sanfu Leisure Farm is situated near Renshan Botanical Garden and Sinliao Waterfall with an area of approximately 10 hectares. The beautiful scenery there includes lime flowers， pomelo flowers， purple peonies， Chinese mulberry， and cinnamon flowers， as well as mountain spring water， butterflies， and a variety of cute animals.。Bind pieces of paper into fabric book covers to make a one-of-a-kind handmade book. Or you can paint gourds， wooden clogs， frog piggy banks， or taste some ...,,1150901,1150930,(03)9588690,(03)9588753,269,10002,冬山鄉,中山村新寮二路161巷88號,No. 82， Ln. 161， Xinliao 2nd Rd.， Zhongshan Vil.,,https://www.sanfufarm.com.tw/,121.754694,24.617375,體驗,https://ezgo.ardswc.gov.tw/_api/content/images/agrispots/25819/480x360_agrispots-image--i0uqxsgseicmbf12-ztpa.jpg
仙湖休閒農場(仙湖農場),Fairy Lake Leisure Farm(仙湖休閒農場),,台南東山的「仙湖休閒農場」除了有好吃的料理之外，還有絕美景觀與電視劇拍攝熱門景點，很值得到品美食賞美景。。農場內種植了龍眼、荔枝、咖啡等各類果樹，還有山茼蒿、山蘇等野菜，餐廳內的料理不論是主食或者是甜點都運用當地當季蔬果製作， 以傳統烹調結合創意作法呈現食物本身風味，包含森林排餐、田園燒雞以及龍眼冰淇淋等，都是必嘗美食。。農場還另外設立自助野菜川燙灶，當季新鮮現採的野菜讓客人依照自己的喜好挑選，再沾上自製的橄欖醬，風味中帶著爽口的橄欖微酸，野菜輕燙後新鮮清甜；點餐方式分成「案食」以及「桌餐」...,Fairy Lake Leisure Farm is in Nanshi Village， Dongshan District， with an area of 52 hectares. It is rainy in summer and dry in winter here， which is good for the growth of longan trees-- the longan fruits are big while the seeds small. Little rain in winter enhances the sweetness of the fruits； eating the pulpy texture of the flesh is really an enjoyment.。 。The Tian Ma Ma utilizes the sweet and warm properties of longan to add flavors to the dishes and nurture the body. The popular &ldquo；Long...,,1150901,1150930,(06)6863635,(06)6863662,733,67000,東山區,南勢村1鄰賀老寮6-2號,No. 6-2， Dayang， Nanshi Village,,https://www.senwho.com.tw/,120.482290,23.265934,餐飲,https://ezgo.ardswc.gov.tw/_api/content/images/agrispots/25795/480x360_agrispots-image-x9xtlqfvvuonape6ecv_vw.jpg
千里光藥園休閒農場,,,千里光藥園休閒農場,,,1150901,1150930,(03)9284349,,260,10002,宜蘭市,大坡路二段131巷53號,,,,121.742088,24.777033,,https://ezgo.ardswc.gov.tw/_api/content/images/agrispots/25352/480x360_agrispots-image-zyy_v0lxh0y-rx7zq2wqsg.jpg
祥居雅舍休閒農場,,,祥居雅舍休閒農場。祥居雅舍位在宜蘭縣有名的蔥蒜之鄉「三星鄉大隱村」，屬於典型的鄉村民宿，民宿四周景物平疇廣闊、群山疊翠，舉目望去美麗景緻盡入眼簾，隨著四季的變化，更有一番風情。。祥居雅舍的主人，於五年前一家從台中回到故鄉宜蘭發展，因十多年來未曾仔細欣賞蘭陽的朝夕晨昏之美，也未曾仔細享受空氣中傳來淡淡的芳草香，瞬間覺得彷彿來到世外桃源般，而讓他們有了在此建立屬於自己家園的夢想，夫妻兩人從構思到完成，花了將近三年的時間，精心打造出田園鄉野間夢想的農舍別墅，這裡沒有城巿中的喧擾，只有鳥叫蟲鳴，屋外...,,,1150901,1150930,(03)9890996,,266,10002,三星鄉,大隱村大隱中路255巷17號,,,https://shop.okgo.tw/2289/,121.717443,24.667347,,https://ezgo.ardswc.gov.tw/_api/content/images/agrispots/118/480x360_20151117111413.jpg
阿連休閒農場,,,阿連休閒農場。位於苗栗大湖鄉、台3線上的「阿連休閒農場」，才一進入農場的休息小屋，就可見到掛滿牆面的獎牌及獎狀，以及數十篇接受採訪的報導文章，在在證明阿連休閒農場的主人絕對是農業界的高手。。阿連休閒農場最有名氣的是高接幸水梨，一般來說，幸水梨的果肉帶有淡淡甜味，外觀都是呈現淡褐色，不過在主人的細心照顧下，阿連休閒農場的幸水梨永遠就是比別人更大、更甜蜜，而這更成為農場吸引人的重要關鍵。。擁有特等獎的「阿連休閒農場」，所使用的是德國及各類高級有機肥料，即使每年僅有2個月的採果季節，仍勤勞施肥並...,,,1150901,1150930,(037)951111,,364,10005,大湖鄉,栗林村13鄰內雙坑6號,,,,120.833693,24.373984,,https://ezgo.ardswc.gov.tw/_api/content/images/agrispots/163/480x360_20151119151225.jpg
捷美休閒農場,,,農場位居觀音區各蓮園之中心，為遊客遊覽觀音蓮園之中繼站。遠在路旁就可見到農場入口處兩邊的羅漢松及茶花樹，1-3月茶花開滿了走道邊，6月份百子蓮開，7-8月份蓮花在水裡盛開，8月份可採收蓮子及剝蓮子DIY活動，尚可觀賞夕陽下美麗的白千層，園內種植有待售的花卉盆栽，有香草植物、百子蓮、石蓮花及太陽花等，形成了繽紛的花草世界。本農場以結合自然、休閒生活、農業體驗為經營理念，提供遊客欣賞自然景觀、享受農業體驗活動之農場。(農場採預約制)7、8月份荷花,,,1150901,1150930,(03)2824225,,328,68000,觀音區,大堀里6鄰新華路二段41號,,,https://lin-jia.com/,0,0,,https://ezgo.ardswc.gov.tw/_api/content/images/agrispots/3014/480x360_p5austptv9kjm1jimq44pai6wd8tgxr0.jpg
蘭城花事休閒農場,,,蘭城花事休閒農場。利用各種系統和花卉讓遊客可以透過視覺、聽覺、嗅覺、味覺及觸覺五感來體驗花卉。讓您享受休閒浪漫的花田咖啡、創意盆栽、押花DIY、漂流木設計、花卉天婦羅，讓花與咖啡陪您度過悠閒的每個時光。。門票：。$100/人，可抵消費。營業時間。週一至週六，8:30~18:00。公休日：無。營運服務。提供焢窯、漂流木花藝創作體驗，花草手工餅乾製作等體驗活動；提供預約服務（10人以上提供體驗，請提前3天前預約）,,,1150901,1150930,(03)9229990,,264,10002,員山鄉,惠深二路一段87號,,,,121.726129,24.721397,,https://ezgo.ardswc.gov.tw/_api/content/images/agrispots/25362/480x360_agrispots-image-_jhjy1nyk0gsnmlbmkympw.jpg
全勝休閒農場,,,全勝休閒農場。四季如夏，適合各地旅客遊玩的全勝休閒農場。一年四季氣候怡人，再加上農場主人細心的呵護、照料，每年橘子都能結成豐碩果實。每年自11月起開始採收，分別有椪柑、砂糖橘、桶柑，皮薄汁多，物美價廉，目前不開放體驗採果，若想要嚐嚐美味的橘子，可來電訂購哦！每年產季開始前，即會公告相關訂購訊息。,,,1150901,1150930,(037)661373,,351,10005,頭份市,成功里永安街340巷16號,,,,120.911518,24.698565,,https://ezgo.ardswc.gov.tw/_api/content/images/notfound/miss.jpg
火炭谷休閒農場,,,火炭谷休閒農場。火炭谷休閒農場是一個以木炭為主題的休閒農場，於93年通過審核成為苗栗縣內第一家申請合法的體驗型休閒農場。隨後結合谷巴休閒渡假村內的軟硬體設施等成為更完備及更具競爭力的休閒農場。,,,1150901,1150930,(037)540039,,361,10005,造橋鄉,造橋村錦成東路 8-5號,,,,120.869991,24.641529,,https://ezgo.ardswc.gov.tw/_api/content/images/agrispots/147/480x360_20151113103134.jpg
月眉休閒農場（停業中）,,,月眉休閒農場。小橋、流水、人家。。忙碌過後的夜深人靜，輕閉雙眼，腦海時常浮現生活於田野間，與自然共處的景象。。每一個人，都在旅途中試探自己的夢想。。每一個人，都在夢想中找尋嚮往的生活。。尋尋覓覓，才發現自己嚮往的生活並不遙遠。。通過雪隧，第一眼入鏡的是三角平原上被稻田與農舍交錯的散村文化。。不同於南台灣的集村聚落，蘭陽平原水資源豐富，為了耕作方便，常將農舍立於耕地旁邊，形成大片農田間農舍林立的獨特景觀。。月眉休閒農場位於羅東、冬山、五結一鎮二鄉交界處，同時具有小鎮的便利性與農村的...,,,1150901,1150930,(03)9506736,(03)9506183,265,10002,羅東鎮,新群里富農路三段240巷33號,,,https://www.moonlife.com.tw,121.800635,24.669872,,https://ezgo.ardswc.gov.tw/_api/content/images/agrispots/111/480x360_20160113122359.JPG
優生美地休閒農場,,,優生美地休閒農場。旅行的千言萬語，。只為了一個身歷其境，。為了追逐關山的金色日照，。如同夸父追日般的執著浪漫，。抬頭仰望南十字星海的神話，。邀請您，進入天地萬物的家鄉。。優生美地園區內裁培多種台灣恆春半島之原生種植物，如棋盤腳（恆春之花）象牙樹，止宮樹，毛柿，枯里珍，倒卵葉楠，檄樹，蚊母樹，台東漆，鐵色，台灣樹蘭，構樹，恆春撒揚，三星果滕，台灣海桐，石伶，高經濟植物，檀香木，花梨木&hellip；&hellip；等數十種植物。來到園內除了認識植物，欣賞植物，放鬆心情與植物共語，感恩...,,,1150901,1150930,(08)8823693,,944,10013,車城鄉,溫泉路57-26號,,,https://usmd.com.tw,120.74606,22.09075,,https://ezgo.ardswc.gov.tw/_api/content/images/agrispots/235/480x360_84a2547d7b124241a1f6702016925db2.jpg
客家鄉下人休閒農場,,,,,,1150901,1150930,(037)831923,,352,10005,三灣鄉,永和村北坑8鄰22之8號,,,https://goo.gl/RS4pv6,120.924522,24.637164,,https://ezgo.ardswc.gov.tw/_api/content/images/agrispots/4185/480x360_1bfeb7786d0148ba8b1e83186f2e2bed.jpg
三灣星光休閒農場,,,,,,1150901,1150930,(03)3019907,,350,10005,竹南鎮,,,,,120.930260,24.630529,,https://ezgo.ardswc.gov.tw/_api/content/images/notfound/miss.jpg
明昇生態休閒農場,,,,,,1150901,1150930,,,314,10004,北埔鄉,南埔村5鄰番婆坑6-2號,,,,121.042591,24.674855,,https://ezgo.ardswc.gov.tw/_api/content/images/notfound/miss.jpg
沐雲山莊休閒農場,,,,,,1150901,1150930,(09),,364,10005,大湖鄉,栗林村11鄰白石下11號,,,,120.823443,24.375689,,https://ezgo.ardswc.gov.tw/_api/content/images/notfound/miss.jpg
癩蛤蟆休閒農場,,,,,,1150901,1150930,(09),,367,10005,三義鄉,龍騰村外庄66號,,,https://photo.xuite.net/lhm566759,120.782908,24.359041,,https://ezgo.ardswc.gov.tw/_api/content/images/notfound/miss.jpg
富裕休閒農場,,,,,,1150901,1150930,(037)673732,,351,10005,頭份市,上興里13鄰水源路464號,,,,120.917758,24.665947,,https://ezgo.ardswc.gov.tw/_api/content/images/notfound/miss.jpg
雙連埤休閒農場,,,,,,1150901,1150930,(09),,264,10002,員山鄉,西湖村雙埤路30之3號,,,,121.640365,24.750222,,https://ezgo.ardswc.gov.tw/_api/content/images/notfound/miss.jpg
白鶴咖啡休閒農場,,,白鶴咖啡休閒農場位於屏東縣萬巒鄉，氣候溫暖濕潤，擁有得天獨厚的地理條件，非常適合咖啡樹的生長。農場以推廣在地咖啡為核心，藉由生產咖啡生豆，打造出咖啡的綠色樂園。。農場以友善環境的方式栽種阿拉比卡咖啡，在咖啡豆產季期間走進農場，映入眼簾的是成排的咖啡樹，樹葉翠綠、果實鮮紅，令人心曠神怡。從採豆到烘焙每一道工序都講究細節與品質，力求讓每一杯咖啡都呈現最好的風味。農場參觀採預約制，如欲參觀或購買咖啡，連絡電話08-7851325。,,,1150901,1150930,(08)7851325,,923,10013,萬巒鄉,新置村新光路9號,,,,120.610034,22.532402,,https://ezgo.ardswc.gov.tw/_api/content/images/agrispots/4236/480x360_389755a6a4274fa6b0c9a4b7ad083727.jpg
大雁休閒農場,,,,,,1150901,1150930,(049)2895938,,555,10008,魚池鄉,大雁巷36-1號,,,,120.920935,23.923551,,https://ezgo.ardswc.gov.tw/_api/content/images/notfound/miss.jpg
雲霧嶺茶柚休閒農場,,,門市:永泰茶行。地址:苗栗縣頭份市東興路189號,,,1150901,1150930,(09),,352,10005,三灣鄉,永和村7鄰明坑13-9號,,,,120.924522,24.637164,,https://ezgo.ardswc.gov.tw/_api/content/images/notfound/miss.jpg
第一景休閒農場,,,,,,1150901,1150930,(09),,823,64000,田寮區,大崗山段 388、389、390、391 地號,,,,121.519872,25.031530,,https://ezgo.ardswc.gov.tw/_api/content/images/notfound/miss.jpg
豐甜休閒農場,,,,,,1150901,1150930,(04)25870532,,423,66000,東勢區,石圍牆段石圍牆小段1143-2地號,,,,120.774836,24.294689,,https://ezgo.ardswc.gov.tw/_api/content/images/notfound/miss.jpg
愛鄉休閒農場,,,,,,1150901,1150930,(049)2692649,,541,10008,中寮鄉,永平村愛鄉巷39-6號,,,,120.762616,23.876007,,https://ezgo.ardswc.gov.tw/_api/content/images/notfound/miss.jpg
嵙角休閒農場,,,,,,1150901,1150930,(09),,646,10009,古坑鄉,華山村華山65號,,,,120.593834,23.593349,,https://ezgo.ardswc.gov.tw/_api/content/images/notfound/miss.jpg
嵐湖休閒農場,,,,,,1150901,1150930,(09),,364,10005,大湖鄉,新開村7鄰雙坑27-1號,,,,120.841702,24.360272,,https://ezgo.ardswc.gov.tw/_api/content/images/notfound/miss.jpg
吉平休閒農場,,,,,,1150901,1150930,(037)862509,,358,10005,苑裡鎮,蕉埔里4鄰蕉埔45之1號,,,,120.735021,24.405753,,https://ezgo.ardswc.gov.tw/_api/content/images/notfound/miss.jpg
古月螢休閒農場,,,,,,1150901,1150930,(09),,352,10005,三灣鄉,永和村8鄰北坑12-1號,,,,120.924283,24.637463,,https://ezgo.ardswc.gov.tw/_api/content/images/notfound/miss.jpg
初色休閒農場,,,,,,1150901,1150930,(037)747096,,358,10005,苑裡鎮,蕉埔里5鄰蕉埔52-3號,,,,120.679955,24.421776,,https://ezgo.ardswc.gov.tw/_api/content/images/notfound/miss.jpg
清硯休閒農場,,,,,,1150901,1150930,(037)992281,,364,10005,大湖鄉,東興村下湖 50 號,,,,120.881453,24.377512,,https://ezgo.ardswc.gov.tw/_api/content/images/notfound/miss.jpg
大湖雅境休閒農場,,,,,,1150901,1150930,(037)823801,,351,10005,頭份市,中正路364號,,,,120.914709,24.687975,,https://ezgo.ardswc.gov.tw/_api/content/images/notfound/miss.jpg
自家烘焙咖啡休閒農場,,,,,,1150901,1150930,(09),,357,10005,通霄鎮,福興里9鄰福興101之11號,,,,120.743051,24.422300,,https://ezgo.ardswc.gov.tw/_api/content/images/notfound/miss.jpg
龍煙谷山一方休閒農場,,,,,,1150901,1150930,(03)9231059,,264,10002,員山鄉,中華村6鄰龍賢路9號,,,,121.668552,24.749871,,https://ezgo.ardswc.gov.tw/_api/content/images/notfound/miss.jpg
東昇休閒農場(停業中),,,東昇休閒農場(停業中),,,1150901,1150930,(04)25875627,,423,66000,東勢區,東蘭路101號,,,,120.824075,24.263758,,https://ezgo.ardswc.gov.tw/_api/content/images/agrispots/1008/480x360_8165c201f75f40118bb533629ee48282(1).jpg
月亮休閒農場(停業中),,,本場農業生產以桂花為主。視野極佳可遠眺台中港,,,1150901,1150930,,,423,66000,東勢區,東勢段石角小段1981-25、1981-26地號等二筆,,,https://www.flowerhome.com.tw/,120.815766,24.304744,,https://ezgo.ardswc.gov.tw/_api/content/images/agrispots/1049/480x360_zrty7c2xhi3fszxiw1syjpjuxd5bijae.jpg
金喜休閒農場,,,彰化有很多好玩好吃的地方，您可安排彰化二日遊，田尾公路花園，王功坐牛車採蛤，鹿港文化之旅，夜宿二林金喜休閒農場，自備露營帳蓬，場地不收費，如果不想玩景點，農埸可釣魚與烘焙體驗，可作鳳梨酥，蛋黄酥，蛋糕&hellip；等，歡迎光臨。 。資料提供：。彰化縣政府,,,1150901,1150930,(09),,526,10007,二林鎮,北平里新生路569巷48弄107號,,,,120.368958,23.914244,,https://ezgo.ardswc.gov.tw/_api/content/images/agrispots/5932/480x360_91957f04ce8c4deda731604d4b8a5c3f.jpg
富盛休閒農場(甲鳥園),,,,,,1150901,1150930,(03)9288152,,262,10002,礁溪鄉,吳沙村開蘭路209號,,,,121.74985,24.791094,,https://ezgo.ardswc.gov.tw/_api/content/images/agrispots/5915/480x360_df959bb2154544c3bea6bda99781ca0f.jpg
好春好然休閒農場,,,,,,1150901,1150930,(03)9227723,,264,10002,員山鄉,惠好村15鄰深洲二路22號,,,https://goodspring.strikingly.com/,121.737485,24.723289,,https://ezgo.ardswc.gov.tw/_api/content/images/agrispots/1310/480x360_4c81a1bc9a7c418f9d9c9cca9bc00194.jpg
禾豐休閒農場,,,,,,1150901,1150930,(03)5475388,,306,10004,關西鎮,東平里15鄰63-9號,,,,121.162248,24.824249,,https://ezgo.ardswc.gov.tw/_api/content/images/agrispots/1252/480x360_c03b71eb65b04b68a5332cc6459fe625.jpg
水里生態休閒農場,,,水里生態休閒農場。水里鄉共劃分4處休閒農業園區，玉興隆休閒農業園區、車埕休閒農業園區、頂崁、民和休閒農業園區、郡安休閒農業園區，而「水里生態休閒農場」就位於玉興隆休閒農業園區內。。玉興隆休閒農業園區包括：玉峰村、永興村、興隆村3個村落，屬於濁水溪南岸，水里生態教育農園負責人陳炳煜先生就占有6甲的農園，陳先生表示，早期種植的水果大多批發到果菜市場，後來全國種植水果面積大增，供過於求，為了改善產銷問題，陳先生邀集果農自發性精神，籌組「玉峰合作農場」，大幅降低生產成本，提高品質．於民國75年造就地...,,,1150901,1150930,(09),,553,10008,水里鄉,玉峰村永樂巷89-5號,,,,120.821643,23.803761,,https://ezgo.ardswc.gov.tw/_api/content/images/agrispots/3195/480x360_水里生態休閒農場宣傳照_(2).jpg
悅音阿甲休閒農場,,,簡介。悅音阿甲休閒農場位於新竹縣橫山恆「大山背」因為大崎棟山的背面而得名。翠綠的山巒.澄淨的藍天，充沛水源.豐富生態環境.自然有機農法耕作.苦茶.茶葉.香草植物.水果提供遊客體驗與購買。遊程/體驗介紹。採果樂。香草植物蒸餾。做茶品茶。苦茶油加工產品。推薦伴手禮/農特產。蜜香紅茶。苦茶油。精油。純露。手工皂,,,1150901,1150930,(09),,312,10004,橫山鄉,豐鄉村9鄰大山背110-6號,,,,121.146326,24.689136,,https://ezgo.ardswc.gov.tw/_api/content/images/agrispots/704/480x360_08(1).jpg
昇泰有機休閒農場,,,昇泰有機休閒農場。天然條件優良：農場位於台灣高雄市田寮區大崗山東面。。1.水質優良(山上礦區雜草叢生)。。2.石灰石地質(含微量元素、鈣...等)。。3.山坡地、無其他污染家庭工廠污水流入。。4.陽光足、向陽上午日照長、紅外線、花開茂盛、蜜源質量優。,,,1150901,1150930,(09),,823,64000,田寮區,新興村崗南路4-1號,,,,120.355491,22.850085,,https://ezgo.ardswc.gov.tw/_api/content/images/agrispots/25197/480x360_agrispots-image-tep4lnpo5uehyydikimv_g.jpg
育樺園休閒農場,,,,,,1150901,1150930,(09),,264,10002,員山鄉,逸仙村大湖山一路11號,,,,121.694505,24.732644,,https://ezgo.ardswc.gov.tw/_api/content/images/notfound/miss.jpg
金生休閒農場,,,金生休閒農場。金生休閒農場鄰近永和山水庫，景致宜人，每年4至5月桐花綻放美不勝收。8月起至隔年2月更有各式柚、橘，水果香甜多汁，有口皆碑。。水果產季：8-10月柚子、12月柳丁、1-2月桶柑。,,,1150901,1150930,(037)669475,,351,10005,頭份市,自強里10鄰中正路191號,,,,120.910622,24.687546,,https://ezgo.ardswc.gov.tw/_api/content/images/agrispots/312/480x360_20151119151010.jpg
苗栗縣三義鄉金達摩休閒農場,,,,,,1150901,1150930,(037)875766,,367,10005,三義鄉,西湖村1鄰西湖28-6號,,,,120.759816,24.392369,,https://ezgo.ardswc.gov.tw/_api/content/images/notfound/miss.jpg
太陽好事休閒農場,,,,,,1150901,1150930,(08)7800119,,920,10013,潮州鎮,潮州路760號,,,,120.555661,22.547169,,https://ezgo.ardswc.gov.tw/_api/content/images/notfound/miss.jpg
萬屋休閒農場,,,,,,1150901,1150930,(09),,912,10013,內埔鄉,大發路265號,,,,120.623132,22.688429,,https://ezgo.ardswc.gov.tw/_api/content/images/notfound/miss.jpg
成台休閒農場,,,,,,1150901,1150930,無,,248,65000,五股區,福德里19鄰工九路33之100號,,,,121.405806,25.076353,,https://ezgo.ardswc.gov.tw/_api/content/images/notfound/miss.jpg
原豐休閒農場,,,農事體驗、控窯,,,1150901,1150930,(09),,251,65000,淡水區,忠寮里演戲埔腳12號,,,,121.470916,25.196262,,https://ezgo.ardswc.gov.tw/_api/content/images/agrispots/31984/480x360_agrispots-image-oup2ib1rt065a5hsnjpffw.jpg
虎頭山休閒農場,,,景色優美，可從虎頭山俯瞰桃園區夜景,,,1150901,1150930,(03)3946061,,330,68000,桃園區,成功路三段821巷66號,,,,121.327195,25.016734,,https://ezgo.ardswc.gov.tw/_api/content/images/agrispots/1891/480x360_w7jacrnxbx4brq5t8van7edzgtgh5ydg.jpg
墾丁親子休閒農場(墾丁聽幸福親子民宿),,,墾丁親子休閒農場,,,1150901,1150930,(09),,946,10013,恆春鎮,槺林南路135巷128號,,,,120.730667,21.990040,,https://ezgo.ardswc.gov.tw/_api/content/images/agrispots/1924/480x360_ffvkvi8k9gb6g0ikc5vxww28tk4ybk7t.jpg
松山鄉村健康生活休閒農場,,,本農場種植熱帶性果樹、瓜果、香草、鳳梨等植物，總面積 0.59 公頃。規劃之植栽及景觀僅供作休閒活動及農作體驗，提供每一位造訪者，能在舒適安靜的田園景緻中體驗完全的自然感。,,,1150901,1150930,(05)2722342,,621,10010,民雄鄉,松山村松山村松子腳48-15號,,,,120.474349,23.546536,,https://ezgo.ardswc.gov.tw/_api/content/images/agrispots/30221/480x360_agrispots-image-9gjnsvskskexk5hqp5sraa.jpg
長頸鹿休閒農場,,,,,,1150901,1150930,,,516,10007,埔鹽鄉,西湖村新生路建471號,,,,120.449960,24.001080,,https://ezgo.ardswc.gov.tw/_api/content/images/notfound/miss.jpg
星月秘境休閒農場,,,,,,1150901,1150930,(049)2009188,,557,10008,竹山鎮,中山路888號,,,,120.705206,23.738118,,https://ezgo.ardswc.gov.tw/_api/content/images/notfound/miss.jpg
鹿境休閒農場,,,墾丁最大梅花鹿互動體驗園區 𐂂↟。৲ 近距離餵食可愛梅花鹿&呆萌的水豚君 。৲ 一起與旅伴⋄親子⋄家人享受療癒氛圍吧 。&there4； 現場可直接購票入場。&there4； 最後入園時間 ➯ 16:30。&there4； 7~8月暑期延長營業。&there4；最後入園時間 ➯ 17:00,,,1150901,1150930,(08)8881940,(08)8881941,946,10013,恆春鎮,恆公路1097-1號,,,,120.741677,22.012451,,https://ezgo.ardswc.gov.tw/_api/content/images/agrispots/32663/480x360_agrispots-image-58svhsm9peahdjlr3x0wxg.jpg
四重溪綠境休閒農場(停業中),,,,,,1150901,1150930,(08)8898822,,944,10013,車城鄉,四重溪段,,,,120.747660,22.093258,,https://ezgo.ardswc.gov.tw/_api/content/images/notfound/miss.jpg
上高地休閒農場,,,,,,1150901,1150930,,,545,10008,埔里鎮,小埔社段,,,,120.952438,24.025375,,https://ezgo.ardswc.gov.tw/_api/content/images/notfound/miss.jpg
烘爐地休閒農場,,,,,,1150901,1150930,,,235,65000,中和區,興南路二段399巷140之1號南山觀音寺牌樓對面,,,,121.499313,24.973936,,https://ezgo.ardswc.gov.tw/_api/content/images/notfound/miss.jpg
電光米棧休閒農場,,,越過卑南溪，走入海岸山脈下的電光部落，時間彷彿慢了下來。由舊穀倉改建而成的「電光米棧」，不僅是部落農產的集散地，更是守護阿美族文化的堡壘。在這裡，你不僅能聽見響徹雲霄的雷公火竹炮聲，還能親手觸摸部落的土地與作物。透過一碗熱騰騰的部落風味餐與醇香的電光咖啡，遊客能與這片土地建立深度的連結，感受原民與自然共生的智慧。,,,1150901,1150930,,,956,10014,關山鎮,電光里13鄰南興26號,,,,121.183983,22.990193,,https://ezgo.ardswc.gov.tw/_api/content/images/notfound/miss.jpg
內灣休閒農場,,,,,,1150901,1150930,(09),,352,10005,三灣鄉,內灣村1鄰二灣7號,,,,120.960095,24.665972,,https://ezgo.ardswc.gov.tw/_api/content/images/notfound/miss.jpg
關山鎮農會休閒農場,,,路過台東關山千萬別錯過！這間由農會穀倉改造的「米國學校」真的超好逛。牆面上有繽紛可愛的米寶寶彩繪，隨便拍都是美照；還能體驗超療癒的「親手包裝米DIY」，把自己親手分類的關山米帶回家！逛累了直接來碗霸氣的「古早味大碗公飯」，補足體力後再掃貨限定版的「米乖乖」。無論是想帶小朋友放電，還是想來趟吃貨之旅，這裡絕對是縱谷線上的首選景點！,,,1150901,1150930,,,956,10014,關山鎮,豐泉里8鄰昌林25之3號,,,,121.16709,23.06235,,https://ezgo.ardswc.gov.tw/_api/content/images/notfound/miss.jpg
宜蘭濱海休閒農場,,,【龜山島第一排｜海嵐秘境休閒農場】。🌅 在冷氣房裡擁抱太平洋日出，收藏屬於你的濱海時光。🏞 獨家亮點。▸ 全台罕見「冷氣室內露營區」。	。	獨立衛浴 &times； 恆溫空調 &times； 防曬懶人露營。	。	。	夏日也能裹著棉被看星空，告別悶熱黏膩。	。▸ 車宿/露營VIP觀景台。	。	180&deg；無遮蔽龜山島日出劇場。	。	。	潮聲伴眠，晨光從火山頸後方迸發的魔幻時刻。	。📸 網友熱推。「在冷氣房裡拍日出剪影照根本作弊級享受！」。「第一次露營...,,,1150901,1150930,(09),,263,10002,壯圍鄉,新社村壯濱路五段296號,,,,0,0,,https://ezgo.ardswc.gov.tw/_api/content/images/agrispots/33035/480x360_d3a09bc7dd734157a2a2ceac655dd76e.jpg
江陵日觀休閒農場,,,楊梅自古以來即為交通要塞， 因此農場腹地對外交通極為便利。結合觀光茶園與休閒農場的模式，善用自身多元的農業資源，展現農業生產、農民生活與農村生態。。農場主要經營自然生態、園藝、養生植物、森林景觀體驗等，農場保有大片完整的自然環境，蘊藏繁多的動植物物種。動物生態資源共有台灣畫眉、繡眼畫眉、綠繡眼、白頭翁、斑文鳥、白腰文鳥、台北樹蛙等50餘種；。另外植生相當豐富，極富自然教育價值。目前園內種有櫻花、樟樹、南洋衫、相思樹、茶樹、尤加利、龍柏等數百餘種植物及果樹。農場透過教學解說、實作體驗以及創意的...,,,1150901,1150930,(03)4750606,,326,68000,楊梅區,西高山頂15-2號,,,https://lihi1.cc/DP9ei,121.135136,24.929968,,https://ezgo.ardswc.gov.tw/_api/content/images/agrispots/679/480x360_20200324-11.jpg
茶花湘休閒農場,,,,,,1150901,1150930,,,912,10013,內埔鄉,富田村里和路103號,,,,120.553425,22.612597,,https://ezgo.ardswc.gov.tw/_api/content/images/notfound/miss.jpg
彌陀海岸休閒農場,,,,,,1150901,1150930,(07)6107662,,827,64000,彌陀區,新庄路1之268號,,,,120.245064,22.754308,,https://ezgo.ardswc.gov.tw/_api/content/images/notfound/miss.jpg
圓康休閒農場,,,,,,1150901,1150930,(09),,325,68000,龍潭區,大平里民治十六街87巷49弄71號,,,https://ezgo.ardswc.gov.tw/zh-TW/Front/Agri/Detail/140,0,0,,https://ezgo.ardswc.gov.tw/_api/content/images/agrispots/138/480x360_20200324-12.jpg
三灣四季休閒農場,,,,,,1150901,1150930,(09),,352,10005,三灣鄉,永和村1鄰楠樹窩16號,,,,120.943253,24.635737,,https://ezgo.ardswc.gov.tw/_api/content/images/notfound/miss.jpg
寓林休閒農場,,,,,,1150901,1150930,,,424,66000,和平區,南勢段,,,,120.888074,24.175387,,https://ezgo.ardswc.gov.tw/_api/content/images/notfound/miss.jpg
九九莊園休閒農場,,,,,,1150901,1150930,(05)5514888,,640,10009,斗六市,十三南路65-1號,,,,120.565462,23.743235,,https://ezgo.ardswc.gov.tw/_api/content/images/notfound/miss.jpg
貓頭鷹生態休閒農場,,,貓頭鷹生態教育園區休閒農場。2003年3月，苗栗縣獅潭鄉有一群愛好貓頭鷹的地方人士，為貓頭鷹愛好者成立一個共同的家：咕咕嚕博士貓頭鷹之家！經過十餘年努力，維護農場內大自然與野生動物和平共處，將遊憩活動對自然環境的衝擊降到最低，實現「無痕山林運動」之理念。。這裡除了收容受傷殘的貓頭鷹之外，備有戶外生態教室，透過生態教育方式，介紹貓頭鷹的型態、特徵和習性，讓更多人能建立「關愛貓頭鷹，愛護大自然」的保育觀念。。咕咕嚕博士貓頭鷹之家備有多媒體視聽教室、露營場地，及頗具規模的貓頭鷹戶外生態園區，提供...,,,1150901,1150930,(037)931323,(037)932363,354,10005,獅潭鄉,永興村11鄰14-6號,,,https://www.dahu.com.tw/kukulu/index.html,120.926857,24.551442,,https://ezgo.ardswc.gov.tw/_api/content/images/agrispots/157/480x360_20151119171854.jpg
湧旺羊媽媽休閒農場(停業中),,,羊媽媽休閒農場。湧旺羊媽媽休閒農場位於台中市霧峰區育德路91巷內，本農場是一座真的台灣農業轉型的最佳樣本。從傳統的農業種植到現在的自然農有機種植，本農場內有很多可觀摩的樣本。。農場位於中部，由交流道(國3)霧峰交流道下三分鐘就可抵達農場。在農場旁邊10分鐘路程，有多處知名景點，例如：霧峰林家花園、九二一地震教育園區、立法院民主紀念園區.....等等。都值得前往參觀。。P.S.本農場採取預約制，有專人導覽解說。,,,1150901,1150930,(04)23307927,,413,66000,霧峰區,育德路91巷18號,,,https://www.goatmilk.com.tw/index.asp,120.699298,24.048953,,https://ezgo.ardswc.gov.tw/_api/content/images/agrispots/25505/480x360_agrispots-image-js6ljgp5okwqahv22bc7_q.jpg
維多利亞休閒農場,,,,,,1150901,1150930,,,330,68000,桃園區,民族路669號,,,,121.233664,24.829964,,https://ezgo.ardswc.gov.tw/_api/content/images/notfound/miss.jpg
小份尾幸福田休閒農場EUDEMON ROSE GARDEN,,,樹玫瑰。有機玫瑰種苗場,,,1150901,1150930,(07)6772700,,846,64000,杉林區,司馬路202之6號,,,,120.570381,22.995612,,https://ezgo.ardswc.gov.tw/_api/content/images/notfound/miss.jpg
夢土上休閒農場,,,夢土上休閒農場。「夢土上」青山流水環繞，媲美峇里島烏布，晴時清風和煦，暢人胸憶；夜時星月照地，份外幽靜；雨時煙霧繚繞，望穿秋水，竟是一番境地；置身夢土上，貌似夢幻仙境。住宿、露營、觀星、賞景、農事體驗，預約旅程的下一站，就來夢土上吧!,,,1150901,1150930,(09),,262,10002,礁溪鄉,二結路8-2號,,,http://www.yilan-villa.com.tw/WebMaster/,121.681931,24.784752,,https://ezgo.ardswc.gov.tw/_api/content/images/agrispots/2986/480x360_4d2f0ddbdb484465bb4d56e40a98e01d.jpg
淞濤田園休閒農場,,,淞濤田園休閒農場。「淞濤田園有機農場」經過政府驗證的合格有機農地，是一個以有農業生產為主要特色的莊園，以有機無毒生產工法，培養數十種作物，包含五葉松、薑黃、南薑、茄冬、木瓜、檸檬香茅等，這裡的農作物都是「半野生」生長狀態，堅持不施灑農藥、順應自然環境培植之作常。,,,1150901,1150930,(09),,308,10004,寶山鄉,寶山村9鄰通學路215巷5號,,,,121.020513,24.736978,,https://ezgo.ardswc.gov.tw/_api/content/images/agrispots/25420/480x360_agrispots-image-puwod5xn-k2ju9g6mrgg_a.jpg
雅潭休閒農場,,,本農場系少數結合農業體驗及多樣化林相之多功能休閒農場，具有豐富的資源以提供自然生態、農業生產與休閒生活，利用多樣化樹種打造一處都市內的小森林，依照樹種分布與季節變化呈現主題特色，搭配農作物供民眾體驗採收果實，本農場採預約制。,,,1150901,1150930,(09),,428,66000,大雅區,雅潭路三段527號,,,,120.67046,24.215154,,https://ezgo.ardswc.gov.tw/_api/content/images/agrispots/1854/480x360_fd9t73upxmibwverqja3089f5arymj1u.JPG
養鹿天地休閒農場,,,養鹿天地休閒農場。國姓鄉八個產銷班約有200多戶的養鹿人家、共圈養了4000多頭的水鹿，是小朋友觀察水鹿的極佳場所。位於中潭公路上的養鹿天地，規劃了提供生態觀察的參觀步道，並提供生態解說，讓民眾瞭解台灣特有種的台灣水鹿的生態習性，適合全家和學校的教學活動。。潔淨寬敞的園區採高架字型參觀步道，可以居高臨下眺望鹿群悠閒漫步。鹿舍內也有一隻較與人親近的水鹿，可以讓遊客親近撫摸，不過這都需要在解說人員的陪同下，以免騷擾敏感的鹿群。透過園區動線的安排，和生態習性解說教室的影片觀賞，遊客可以瞭解水鹿飼養...,,,1150901,1150930,(049)2451214,,544,10008,國姓鄉,北山村中正路四段105號,,,,120.884576,23.984316,,https://ezgo.ardswc.gov.tw/_api/content/images/agrispots/25146/480x360_agrispots-image-u9foypbkcuentbxkazhs0q.jpg
三好休閒農場(三好竹木業),,,,,,1150901,1150930,(037)602215,,351,10005,頭份市,珊湖里4鄰中正三路329號,,,,120.962159,24.684212,,https://ezgo.ardswc.gov.tw/_api/content/images/notfound/miss.jpg
彰化休閒農場(溪州公園),,,彰化休閒農場。廣達 21 公頃的園區佈置的花團錦簇，玫瑰廣場豔麗奪目的花朵與藝術造景，令人目眩神迷。園區還會依四季節令的變化，變化不同的景緻，彷彿置身國外，體驗異國四季變化風情！ 。無障礙空間。提供無障礙服務項目：。無障礙廁所、無障礙坡道。無障礙服務項目位置：。總共有 6 間廁所，坡道在解說中心旁邊。,,,1150901,1150930,(04)8899812,,524,10007,溪州鄉,溪州村中央路三段138號,,,https://goo.gl/5dMjRS,120.496348,23.842461,,https://ezgo.ardswc.gov.tw/_api/content/images/agrispots/4193/480x360_23568b9321b141e59290628652bcf89a.jpg
九斗休閒農場,,,農場分為兩大區域，第一是休閒活動區；第二是有機蔬菜專業區。在休閒活動區，包括以下服務項目：。1. 大地活動大：在綠草茹茵的中央廣場舉辦風火輪、蜈蚣競走及彈跳奪標比賽，還有扎稻草人及抓泥鰍、大力水手、闖五關等等的精采戶外活動。。2. 大滑水道戲水池：是小朋友夏天的最愛。。3. 大戶外教學：有肉食植物的生態、埤塘生態、蝴蝶生態、水生植物生態、有機生活生產生態等解說導覽，給您最精采的知性之旅。。4. 大童玩DIY活動：包括竹製水槍、彩繪竹斗笠、沙朔蠟燭、放天燈、彩繪陶瓷、燈籠製作、草編等。。...,,,1150901,1150930,(09),,327,68000,新屋區,九斗里五谷路205號,,,https://www.farm99.com.tw/index.html,121.128945,24.960752,,https://ezgo.ardswc.gov.tw/_api/content/images/agrispots/140/480x360_20151124175014.jpg
快樂谷休閒農場,,,,,,1150901,1150930,(09),,540,10008,南投市,福山里8鄰八卦路592巷27號,,,,120.635082,23.909939,,https://ezgo.ardswc.gov.tw/_api/content/images/notfound/miss.jpg
謝記休閒農場,,,到本場館遊客能夠認識鴨子、鴨蛋品種及鴨賞製作過程，了解養鴨文化與演變過程，並參加「紅土鹹蛋DIY」體驗活動，學習鴨蛋加工的古早技術，或者「手作鴨賞PIZZA」體驗，用自己喜歡鴨賞肉與配料，製作獨特鴨賞風味的窯烤披薩，讓我們進入鴨子的世界吧！。資料來源：謝記休閒農場（鴨寮故事館）。【如欲安排前往建議事先電話聯繫確認】,,,1150901,1150930,(03)9504646,,268,10002,五結鄉,協和村公園路88號,,,https://duckfarm.tw/index.php,121.813665,24.678266,,https://ezgo.ardswc.gov.tw/_api/content/images/agrispots/1583/480x360_20200418-01.jpg
春霖休閒農場,,,,,,1150901,1150930,(09),,606,10010,中埔鄉,同仁村11鄰同仁163之16號,,,,120.511109,23.407450,,https://ezgo.ardswc.gov.tw/_api/content/images/notfound/miss.jpg
金門縣農業試驗所附屬休閒農場,,,園區介紹。 。金門縣農業試驗所附設示範休閒農場於90年代因應農業變遷及轉型，以自然生態及教育園區為方向，採用一系列以生態設計概念為導向的生態工法建設，供教學及農場生態環境改善之用，由於生態環境完整保存及豐富生物多樣性，使棲地生物依季節在循環，每個季節均有每種不同的生態環境呈現。。 。一、景觀設施與建築類。 。（一）休閒農場大門：。設計採用閩南式建築的馬背語彙導入迎客的意象。。 。（二）歐風庭園小木屋：。小木屋及週邊歐式庭園係於民國92年規劃設計及建造，是時為規劃休閒農場示範區...,,,1150901,1150930,(082)332074,(082)331916,891,09020,金湖鎮,后壟31號,,,https://ari.kinmen.gov.tw/,118.328564,24.348779,,https://ezgo.ardswc.gov.tw/_api/content/images/agrispots/27635/480x360_agrispots-image--7clldn4xeumpqmbmeumla.jpg
山裡生活自然休閒農場,,,,,,1150901,1150930,(09),,336,68000,復興區,大窩路601號,,,,121.358972,24.838796,,https://ezgo.ardswc.gov.tw/_api/content/images/notfound/miss.jpg
老大份休閒農場,,,老大份休閒農場位於大山背休閒農業區中的核心地帶，其名稱源於楊家祖先最早在此開墾的一大份田，也是當地最早的地名，創辦人楊名遠先生為了傳承與記憶這份初衷，遂以此命名。。老大份休閒農場沒有請過多的員工，也不採大面積種植提供給批發商方式，秉持友善耕種、少量多樣化混合種植的經營理念，認真踏實的透過有機無毒天然的栽種，維持小面積高品質，栽培二十多種柑橘類植物，提供四季每位到訪遊客最樸實的採果友善環境。每年12月到3月是摘採柑橘旺季。。核心特色與理念。&bull； 森林療癒與生態旅遊： 農場四周環山，擁...,,,1150901,1150930,(09),,312,10004,橫山鄉,豐鄉村大山背6鄰69號,,,https://www.fbilab.org/oldman/,121.133387,24.687927,,https://ezgo.ardswc.gov.tw/_api/content/images/agrispots/40880/480x360_agrispots-image-hux0d_q_6uqv1dyobt4kow.png
巴登大莊園休閒農場,,,,,,1150901,1150930,,,646,10009,古坑鄉,水碓段,,,,120.595164,23.646116,,https://ezgo.ardswc.gov.tw/_api/content/images/notfound/miss.jpg
苗5線休閒農場,,,,,,1150901,1150930,(037)669175,,351,10005,頭份市,文化里3鄰文化街125號,,,,120.898964,24.698444,,https://ezgo.ardswc.gov.tw/_api/content/images/notfound/miss.jpg
蘆菴休閒農場,,,【採預約制】。將茶園景觀引進科技栽培控管，發展生態教學、精緻花卉園、精緻果園、體驗包種茶園等，希望成為都市人假日休閒體驗場所，兼具自然、農業、休閒等多功能農場。,,,1150901,1150930,,,325,68000,龍潭區,上華里2鄰大順路369號,,,https://luan369.com.tw/,121.220815,24.853516,,https://ezgo.ardswc.gov.tw/_api/content/images/agrispots/1407/480x360_20200325-30.jpg
美柏休閒農場,,,本農場因內部整修暫不開放,,,1150901,1150930,(04)7525682,,526,10007,二林鎮,興華里7鄰東川路2-1號,,,,120.402519,23.892173,,https://ezgo.ardswc.gov.tw/_api/content/images/notfound/miss.jpg
慈恩休閒農場,,,介紹。慈恩休閒農場位於二林鎮華崙里，原為一塊沖積扇下游毫無生機之土地，經由本農場10幾年來經由這群身心障礙者持續不斷遵循大自然規則，使用蚯蚓土、酵素澆灌等自然農法用心呵護下讓土壤恢復原本機能，身心障礙者更因此獲得心靈復甦，未來更以推廣環境教育認證作為第一大指標，內部有相關環境教育DIY課程(包含香草盆栽DIY、手工皂DIY、蘆薈清潔劑DIY、香草植物化妝品製作DIY、古早味控窯、歐風窯烤Pizza DIY等)，休閒農場更設有庇護商店(歡迎刷國民旅遊卡)。。本農場園區內使用自然農法種植，主要種...,,,1150901,1150930,(04)8681199166,(04)8681592,526,10007,二林鎮,華崙里光復路61巷41號,,,https://reurl.cc/qd6x7n,120.442922,23.950704,,https://ezgo.ardswc.gov.tw/_api/content/images/agrispots/655/480x360_無花果園(2).jpg
蜻蜓谷休閒農場,,,打造蜻蜓的生態樂園。53年次的劉建興18歲高中畢業後就離鄉，外出到城市學房屋裝潢，人住城市裡，但心中那股田園夢卻慢慢萌芽興起，終於在36歲返鄉接手老父的梨子園，接手兩年後就遇上921，也從這年開始，他慢慢利用各種農地空間把台灣原生樹種種回這片土地，種下梅子與檸檬，慢慢漸進式減肥減藥，等待原生樹種長大後再陸續砍除梨子。。現在蜻蜓谷周邊鄰人土地仍種滿梨子，但蜻蜓谷內卻充滿綠意盎然的香楠、台灣櫸、青楓、香楓、榆樹、台灣土肉桂、馬告、光臘、牛樟、苦楝、相思、桂花、七里香、五葉松等20多種數百棵台灣原...,,,1150901,1150930,(09),,423,66000,東勢區,東坑路西盛巷60號,,,,120.847034,24.234071,,https://ezgo.ardswc.gov.tw/_api/content/images/agrispots/707/480x360_c0065474948146f3ac5e85dab6da75da.jpg
鯨魚園休閒農場(停業中),,,鯨魚園休閒農場。這一天，。我享受著南台灣的陽光，。這一天，。我聆聽著海洋的歌唱，。這一天，。我與你相遇，。這一天，。在鯨魚園，我們找到回憶的畫面。。半島也有希臘風。天海相連之際，在台灣的最南端，湛藍的天空，偶爾有幾朵浮雲飄過，開闊的大海，灑滿粼粼波光。在山與海對映的天然美景下，適合喝著咖啡，遠望大海，感受海洋的氣息與生命的力量。可以與三五好友騎著鐵馬，沿著海岸線，追逐風，追逐太陽。你也可以什麼都不做，靜靜地在碧海藍天中放鬆身心靈，找回原來的自己。 。這樣的悠閒樂活畫面，不用...,,,1150901,1150930,(09),,941,10013,枋山鄉,善餘村竹坑30之1號,,,,120.698676,22.157678,,https://ezgo.ardswc.gov.tw/_api/content/images/agrispots/3281/480x360_77e037065c44495996e23a052288aec1.jpg
柏冷翠休閒農場,,,簡介：柏冷翠位於海拔六百公尺，提供山林森活大自然共融的體驗。在晨曦中迎接第一縷陽光，與蟲鳴鳥叫交織成美妙的交響樂。您可以在夜晚仰望繁星點點，感受宇宙的無限奧妙。這種山林的生活態度，教會我們謙卑、敬畏大自然，並學會欣賞生命中的每一個細節。用心感受，與山林共舞。。收費方式：。1. 每一營位以4人/1車/1帳篷為限，超過者酌收清潔費：。成人500元/人，孩童300元/人(國小以下不加收，需親屬關係)，一車300元，以天計算。。2. 營帳較大者，如神殿、怪獸帳、變形金剛、5X8大天幕者，需預訂2...,,,1150901,1150930,(09),,424,66000,和平區,東關路二段11之8號,,,,120.930113,24.176326,,https://ezgo.ardswc.gov.tw/_api/content/images/agrispots/32462/480x360_agrispots-image-ra7ku4dgreyp8bcbxwz-cg.jpg
松圃休閒農場,,,,,,1150901,1150930,(09),,971,10015,新城鄉,新秀村樹林街148號,,,,121.598167,24.043890,,https://ezgo.ardswc.gov.tw/_api/content/images/notfound/miss.jpg
星錡休閒農場,,,「星錡休閒農場」為彰化縣永靖鄉第一座合法成立的觀光休閒農場，彰化永靖是台灣花卉及園藝作物主要產地之一，種苗、植栽、花卉、庭園造景均享有盛名，園主陳維綱，從小在永靖鄉下長大，夢想著有一天能建造一座讓大人小孩都能感到怡然自得的農場，經過多年努力籌備興建，「星錡休閒農場」終於誕生了。這是一個適合全家休閒踏青的遊憩空間，可以帶著孩子重溫古早孩提時代的童年野趣。歡迎朋友們有空到彰化永靖「星錡休閒農場」走走，享受恬靜美好的鄉村時光，歡迎來電預約參觀。。。1.開園時間：週五至週日，9:30-20:00（其...,,,1150901,1150930,(09),,512,10007,永靖鄉,同仁村東畔路建238之46號,,,,120.534639,23.929846,,https://ezgo.ardswc.gov.tw/_api/content/images/agrispots/4801/480x360_64410c4ed990443db5c680cfeac26500.jpg
凡梨花休閒農場,,,凡梨花休閒農場。凡梨花休閒農場的由來是因農場的主人種梨而女兒愛花，因為農場的女主人愛他們，覺得凡是梨和花都是她的最愛，所以特別取名為「凡梨花休閒農場」！ 凡梨花休閒農場由梨和花匯集而成的鄉村農場，同時也是三星鄉第一家取得合法休閒農場及合法民宿，農場主人特別注重的是休閒和放鬆是民宿所特有的風格，農場中有大片的上將梨果園和自然的鄉村生態，可讓來訪的旅客身心靈都能有完全的放鬆，並了解不一樣的果樹生長體驗。。每年的12月至翌年1月是上將梨的婚宴：嫁接花苞，來自國外的梨穗嫁到凡梨花來傳宗接代是一年一度...,,,1150901,1150930,(03)9899233,,266,10002,三星鄉,大隱村大隱中路19號,,,,121.728728,24.667138,,https://ezgo.ardswc.gov.tw/_api/content/images/agrispots/114/480x360_20151113103346.jpg
如豐休閒農場,,,台灣玉是東部重要的礦產資源，礦區在壽豐鄉豐田地區。早期日本人在開採時玉、石不分，將一塊塊玉原石倒棄於河谷。直至 1960 年代，成功大學的廖學誠在荖溪河床裡看見很多漂亮的綠色岩石，帶回實驗室分析，並送到國外去化驗，確認為閃玉。當時台灣玉的消息一曝光，立刻引發豐田地區挖採玉石的熱潮，讓豐田因此有「東部小九份」的美譽。。民國六十年初，退伍返鄉，本來打算到台北工作，但是看到豐田聚落都在「動」的感覺，家家戶戶從事台灣玉加工飾品工作，所以就一頭栽進台灣玉飾品加工領域，從年少做到現今白髮蒼蒼又禿頭，每天就...,,,1150901,1150930,(03)8652323,,974,10015,壽豐鄉,豐山村中山路405號,,,http://www.taiwanjade.com.tw/farm/index.html,121.501150,23.856404,,https://ezgo.ardswc.gov.tw/_api/content/images/agrispots/1662/480x360_1600417846208.jpg
兒時記憶休閒農場,,,,,,1150901,1150930,(09),,357,10005,通霄鎮,烏眉里5鄰57-8號,,,,120.710365,24.570673,,https://ezgo.ardswc.gov.tw/_api/content/images/agrispots/32581/480x360_agrispots-image-n6wjqxhkikq_mf23uii4sq.jpg
金橘伴月休閒農場,,,,,,1150901,1150930,,,602,10010,番路鄉,下坑村菜公店4之6號,,,,120.553489,23.464675,,https://ezgo.ardswc.gov.tw/_api/content/images/notfound/miss.jpg
雲林綠色隧道休閒農場,,,,,,1150901,1150930,,,646,10009,古坑鄉,湳仔村湳仔48號,,,,120.5453,23.65067,,https://ezgo.ardswc.gov.tw/_api/content/images/notfound/miss.jpg
日暉休閒農場,,,,,,1150901,1150930,,,962,10014,長濱鄉,長濱村28鄰城子埔5-21號,,,,121.462209,23.335376,,https://ezgo.ardswc.gov.tw/_api/content/images/notfound/miss.jpg
上竹林休閒農場,,,,,,1150901,1150930,,,248,65000,五股區,中直路崩山巷5之6號,,,,121.421808,25.118217,,https://ezgo.ardswc.gov.tw/_api/content/images/notfound/miss.jpg
大崗山生態休閒農場,,,,,,1150901,1150930,(09),,822,64000,阿蓮區,,,,,120.348787,22.867872,,https://ezgo.ardswc.gov.tw/_api/content/images/notfound/miss.jpg
佳崙休閒農場,,,,,,1150901,1150930,(089)782058,,963,10014,太麻里鄉,大王村15鄰佳崙75號旁,,,,120.971183,22.635087,,https://ezgo.ardswc.gov.tw/_api/content/images/notfound/miss.jpg
函園休閒農場,,,佔地一甲的「函園渡假會館」是一層樓的庭園式飯店，園內有綠油油的庭園和魚池，飯店外中央山脈就橫亙在眼前，四周景色自然優美、環境清幽，有著極豐富的田園風光。且因位置離花蓮市只有四公里，開車到市區、夜市或黃昏市場都只要數分鐘，住宿於此，購物、逛街都方便。。最讓主人津津樂道的就是此地的日出了，早上4點半到5點的日出陽光，透過牆外高聳檳榔樹的葉間灑落下來，頗有南洋的味道，對應著深藍的天空和綠色中央山脈的綠色屋脊，真是美麗極了。,,,1150901,1150930,(03)8537066,,973,10015,吉安鄉,稻香村吉豐路二段199號,,,,121.576231,23.962881,,https://ezgo.ardswc.gov.tw/_api/content/images/agrispots/1389/480x360_1b3d38aa3c784700a11c245c1bc19778.jpg
永旺休閒農場,,,,,,1150901,1150930,(037)666643,,351,10005,頭份市,上興里13鄰水源路486號,,,,120.918289,24.665060,,https://ezgo.ardswc.gov.tw/_api/content/images/notfound/miss.jpg
地球村休閒農場,,,地球村休閒農場。地球村休閒農場位於南投縣國姓鄉北港溪畔山林間，居高臨下，面向北港溪，舉目青山綠水，東望觀音山，北覽北港溪富麗農村，全場180度天然景觀。。擁有多樣性植物及豐富生態資源。。本農場占地1.32公頃，除了種植咖啡，更保有原生楓樹、銀樺、香楠、野牡丹、五月雪、劍筍等植物。為結合自然生態、農業生產、休閒生活的好所在。。地球村休閒農場提供生態導覽解說，場域內設DIY教室、露營區，並有咖啡區，供遊客放鬆品嘗國姓咖啡，園內還有景觀台及休閒步道，連接龍騰古道，還有客家打石文化園區、生態池等...,,,1150901,1150930,(09),,544,10008,國姓鄉,北港村13鄰長北路128號,,,,120.879779,24.051990,,https://ezgo.ardswc.gov.tw/_api/content/images/agrispots/3172/480x360_地球村山景.jpg
天空小品休閒農場,,,核准籌設經過4年，天空小品休閒農場於110年12月終於獲准正式登記，以共耕 共饗 共好為主軸，園區保有良好的生態環境，屬陽明山土系，適合各種植物栽種並有豐富的自然生態，主推健康悠閒養生的慢活，多樣化種植，園區目前已有多種蔬果，搭配香藥草植物、應節蔬菜，在得天獨厚的天然環境，以友善農耕法種植口感與健康營養兼具的蔬果，於109年通過慈心綠保認證迄今。。營業項目：我們已開始試營運 ，採預約制，提供風味料理、精緻套餐及特色便當、下午茶、農事體驗、綠能環境教育、生態導覽，香藥草DIY，我們也能客製化規劃...,,,1150901,1150930,(02)26257366,,251,65000,淡水區,竹圍子8-10號,,,https://www.theskyland.vip/,121.478035,25.193029,,https://ezgo.ardswc.gov.tw/_api/content/images/agrispots/1769/480x360_010b3sqy94yy4bnnfan99xrp6vaq9kqq.jpg
金山中角農莊休閒農場,,,建議遊客出發前，先聯繫業者確認活動或營業資訊。,,,1150901,1150930,(09),,208,65000,金山區,西湖里尖山子11-12號,,,,121.614048,25.250533,,https://ezgo.ardswc.gov.tw/_api/content/images/notfound/miss.jpg
惠森自然休閒農場,,,,,,1150901,1150930,(03)5803712,,314,10004,北埔鄉,南坑村4鄰30號,,,https://www.wishsun.com.tw/,121.046419,24.660044,,https://ezgo.ardswc.gov.tw/_api/content/images/notfound/miss.jpg
天野青草藥園休閒農場(天野養生餐廳),,,天野青草藥園休閒農場。天野青草藥園休閒農場擁有占地一公頃的青草藥園，種植了200科別、1200個藥草品種，還有藥草老師，能教導民眾藥草的知識，輕鬆認識白花蝶豆、月桃或最金錢草等最常見的藥草植物。健康、自然、無負擔的養生料理，是天野青草藥園休閒農場的理念。。【如欲安排前往建議事先電話聯繫確認】,,,1150901,1150930,(049)2631366,,557,10008,竹山鎮,延正里1鄰集山路二段591-2號,,,https://www.tienyeh.com.tw/index-2.html,120.712109,23.786464,,https://ezgo.ardswc.gov.tw/_api/content/images/agrispots/206/480x360_20160908175018.jpg
南投休閒農場,,,南投休閒農場擁有寬敞的園區，更享有絕佳的自然景緻，不但可以遠眺中央山脈、集集大山、九九峰、合歡山，清晨更可以180度的遼闊視野觀賞日出美景，渾圓的太陽隨著時序乍現，金黃的璀璨光芒穿透山景，讓繾綣繚繞的純白雲海映上一層光彩，美得令人張口讚嘆！。農場設有多功能活動廣場、室外咖啡雅座、露天餐飲景觀區、大型戶外活動場地、有機農園體驗區、餐廳、瞭望台、涼亭、農產DIY體驗設施、生態池、烤肉區、香草植物區等多元化的遊憩空間和設施，更提供手工DIY活動，不但情侶、大小家庭可以到此踏青渡假，機關社團或大型團體...,,,1150901,1150930,(049)2238788,,540,10008,南投市,大庄路151巷188號,,,https://www.ntf.tw/,120.676135,23.895088,,https://ezgo.ardswc.gov.tw/_api/content/images/agrispots/25158/480x360_agrispots-image-xw1dbxx3uk2z2pws_sdnaa.jpg
慈音山莊休閒農場,,,橘黃色的金針花花朵，朵朵盛開，不用遠赴花蓮也能看到，在台北木柵山區也可看到隱藏版金黃花海唷！每年9月到10月中旬是金針花盛開期。秋天感受金黃花魅力正是時候！素有一日美人之稱的金針花，姿態萬千，黃色格外亮眼閃耀！色彩鮮豔、充滿活力的金針花，每年一到8、9月就會盛開綻放，其景之美，總讓許多民眾不辭辛苦走訪一趟，感受滿山金色花海的美景盛況。。能看到一大片金針花海，是一種幸福喔！金針花的別名又稱為「忘憂草」，來到這裡，看著滿山遍野的金黃色花海，吹著徐徐微風，感覺上煩惱跟憂愁真的都消失一般。,,,1150901,1150930,(02)29375256,,116,63000,文山區,老泉街26巷11-2號,,,https://www.ciyin29375256.com/,121.566256,24.966229,,https://ezgo.ardswc.gov.tw/_api/content/images/agrispots/1394/480x360_12aaba4bf9754ec08e49d032cdcd773b.jpg
綠朵休閒農場,,,綠朵休閒農場鄰近台中龍井交流道，緊鄰台灣大道旁，為一山坡地保護區，一個能讓您遠離都市塵囂，眺望整個西部平原與台灣海峽，水天一色，藍天白雲，陽光柔和一片綠意盎然，聆聽蟲鳴鳥叫聲交織成的交響樂，夜幕低垂夜色星海盡收眼底，提供排餐、義大利麵、火鍋、燉飯、素食、點心、飲料、下午茶及客製化團體buffet等各式餐點。已是求婚聖地、婚禮、婚宴、公司團聚、商務開會、親朋好友聚餐、各式車聚..等最理想景點，歡迎舊雨新知一同共享盛舉。,,,1150901,1150930,(04)26522125,(04)26522125,434,66000,龍井區,台灣大道六段85號,,,http://www.greendoor.com.tw/,0,0,,https://ezgo.ardswc.gov.tw/_api/content/images/agrispots/32563/480x360_agrispots-image-qwitkthvcui_phdggkxigw.jpg
鄉村休閒農場,,,鄉村休閒農場。位於內湖區五指山腰上的鄉村休閒農場，於95年經行政院農委會核准，成為台北市第3家、占地最廣的合法休閒農場，近1公頃的農場面積，讓園區內可提供豐富的各式體驗活動。。農場內一年四季皆有「看頭」，春天可賞櫻，看梅、李、桃花爭豔、火紅的山茶花怒放。夏季在高大的柚子樹下烤肉；入秋後可見香柚的蹤影，而進入冬季，園區內的柑橘則結實累累，不同時令農場還提供遊客摘採各式健康沒噴農藥的蔬菜。為了達到寓教於樂的目的，配合團體的年齡與人數，農場提供各式DIY、及採果、拔蘿蔔等農耕體驗活動，讓大人小孩都...,,,1150901,1150930,(02)82602358,,114,63000,內湖區,大湖街206號,,,,121.609038,25.103160,,https://ezgo.ardswc.gov.tw/_api/content/images/agrispots/25282/480x360_agrispots-image-rtbm9wttmu2loat3wpk9sa.jpg
水岸森林休閒農場,,,水岸森林休閒農場。「水岸森林」。位於宜蘭縣冬山鄉柯林村，柯林地區多屬伏流湧泉區域，水源豐沛、生態林立，早期柯林地區魚業養殖及畜牧業都相當發達也因此奠定本區休閒農業發展的根基。。「柯林湧泉」。是大地賜予的珍貴滋養資源，漫步於這塊美麗又乾淨的土地，疲累的身軀需要片刻的休息才有再出發的體力，躺在河岸旁欣賞瞬息萬變的雲朵，讓微風舒服的親吻每一吋肌膚，眺望大自然水與光的交織幻化，一隻隻飛越阡陌的白鷺鷥，像極光明的羽翼輕輕畫過綠色的藩籬，開啟一天美好的新頁，寫下您的旅人日記...。【如欲安排前往建...,,,1150901,1150930,(03)9610277,,269,10002,冬山鄉,柯林村柯林新路90號,,,https://www.river-forest.com.tw/,121.731884,24.683784,,https://ezgo.ardswc.gov.tw/_api/content/images/agrispots/25371/480x360_agrispots-image-ffefjnqcc0cntpoqvvac-g.jpg
山水居休閒農場,,,座落於台3線137.4k處，「山水居休閒農場」是一處隱於大湖佛陀山入口處的桃源聖地。這裡地處山凹，坐擁遼闊視野與天然山泉池，展現出群山環繞的靜謐之美。農場主建築巧妙運用岩石、木材與紅磚，將粗獷質樸的設計感揉入自然地景中，營造出與山林一體的沉穩氛圍，讓人一抵達便能感受到遠離塵囂的悠然。。作為苗栗大湖代表性的景觀餐廳與包棟民宿，山水居不僅提供道地的客家料理與獨具特色的創意水果餐，更是旅人品茗咖啡、享受森林浴的絕佳去處。園區內隨著四季更迭，生長著草莓、紅肉李、甜橙與高接梨，旅人能在此親身體驗現採鮮果...,,,1150901,1150930,(037)951513,(037)951778,364,10005,大湖鄉,栗林村內雙坑13鄰5-3號,,,,120.832068,24.378284,,https://ezgo.ardswc.gov.tw/_api/content/images/agrispots/25458/480x360_agrispots-image-u_pvjqcz-ew_d8mfiy0dow.jpg
鹽讚休閒農場,,,,,,1150901,1150930,(05)5899890,,643,10009,林內鄉,烏塗村鹽讚42號之6號,,,,120.588491,23.764255,,https://ezgo.ardswc.gov.tw/_api/content/images/notfound/miss.jpg
見望村親子休閒農場,,,見望村親子休閒農場為政府立案合法的休閒農場(合法編號：495)。位於宜蘭縣大同鄉，海拔約600米，農場面積約6000坪，見望村內3000坪的大草地可供露營，。並提供小朋友最喜愛的：。戲水區，滑草區，溜滑梯&hellip；等設施。。見望村擁有360度的環景：龜山島海景，三星平原，寒溪部落，宜蘭市景&hellip；，盡在眼前。。帶著家人來村裡呼吸清新空氣，享受大山壯闊的景色，讓您不再想起都市生活的煩憂。。Mapawan to kita !!。望見美景~。就把煩惱都忘了吧!。見望村的...,,,1150901,1150930,(09),,267,10002,大同鄉,寒溪村華興巷48之1號,,,,121.674025,24.636644,,https://ezgo.ardswc.gov.tw/_api/content/images/agrispots/1748/480x360_t50zmqqpgdkin7gnxq99tg8sy37q1h4h.jpeg
稻庄休閒農場,,,起源：。農場主一家世代務農，以種植水稻為主要的經濟來源，希望讓更多人能夠了解農作物與他們的產地所建造的農場。。發展:。透過親子互動，多肉植物手作及療育動物戶動的方式，提供遊客一個可以好好放鬆的場域，我們希望消費者可以來到農產品的產地看看這裡的環境呼吸新鮮空氣享受這裡的一切。。門票費用: 全票250元、優待票 100元(優待票65歲以上年長者、持有身心障礙手冊及必要陪同人一名)、免票為0-4歲兒童。。入場方式現場排隊每日開放入場。。營業時間為10:00~17:00 最後售票時間為16:...,,,1150901,1150930,(03)9892809,,266,10002,三星鄉,人和村福和路71巷16號,,,,121.631162,24.673867,,https://ezgo.ardswc.gov.tw/_api/content/images/notfound/miss.jpg
小木屋休閒農場,,,緣起。緣起。茶農子弟因緣際會將稻田改作，以生態工法復育生態魚、溼地植物，構築出「小木屋」，在大哥一步步施工設計後，擁有完整的休閒娛樂與教育價值，美化了視覺、生活與身心靈等豐富層面，宛若林間自然教室，營運後立即受到各地人士矚目。小木屋原本是茶園家族親人休憩的聚集地，因主人愛好交友的性格使然，漸漸地「小木屋」成了朋友相聚的代名詞。小木屋以高架法建築，大量採用回收木材，避免對環境造成傷害；而山泉水貫穿其下，木屋後的荷花池佈滿綠意昂然的浮萍，園圃內利用木材自行發酵，堆製有機肥，提供參觀。。從傳統農...,,,1150901,1150930,(09),,338,68000,蘆竹區,坑子村貓尾崎12鄰1-6號,,,https://ezgo.ardswc.gov.tw/zh-TW/Front/Agri/Detail/1365,121.344692,25.081659,,https://ezgo.ardswc.gov.tw/_api/content/images/agrispots/680/480x360_20200323-01.jpg
翩翩泰安休閒農場,,,,,,1150901,1150930,(037)941099,,365,10005,泰安鄉,錦水村圓墩86之6號,,,https://www.ppta.com.tw/,120.93575,24.47009,,https://ezgo.ardswc.gov.tw/_api/content/images/notfound/miss.jpg
張媽媽休閒農場(停業中),,,大樹張媽媽休閒農場位於大樹佛光山下，台21線旁，農場主人為張坤先生與太太羅玉梅女士，但因園區開放時都是張媽媽在招呼客人，所以大家以張媽媽相稱，所以農場才命名為張媽媽休閒農場。。夫婦倆熟知桑葚的好處，因此利用大樹區的好山好水，種植兩分地的桑葚及超過兩公頃的玉荷包。每年3-5月桑葚產期，皆對外開放採收，且園內種植的桑葚都是不噴灑農藥，每年會經過高雄農業改良場抽驗及SGS檢驗合格，無農藥殘留，可以安心食用。。因桑葚及玉荷包都是季節性產品，為因應產期產量過剩及解決非產期的農閒階段，同時也為了增加產品...,,,1150901,1150930,(07)6563635,,840,64000,大樹區,興田路116-1號,,,https://www.mama-chang.com/,120.448126,22.747174,,https://ezgo.ardswc.gov.tw/_api/content/images/agrispots/3973/480x360_6607f2f7ac434c72b4cee599304cb1b8.jpg
想想山休閒農場,,,,,,1150901,1150930,(09),,305,10004,新埔鎮,北平里10鄰大平窩89之7號,,,,121.085086,24.847149,,https://ezgo.ardswc.gov.tw/_api/content/images/notfound/miss.jpg
沐涵軒休閒農場,,,沐涵軒休閒農場。隱身在林蔭中的沐涵軒休閒農場，不時可以聽到蟲鳴鳥叫，感受芬多精的薰陶讓身心靈全面放鬆。到沐涵軒休閒農場可以品嚐香濃道地的高樹咖啡，對給遊客最私密的個人空間。,,,1150901,1150930,(08)7967902,,906,10013,高樹鄉,舊寮村10鄰萬興路39號,,,,120.631072,22.848369,,https://ezgo.ardswc.gov.tw/_api/content/images/agrispots/696/480x360_763500c1d54d4726b7bef7ee1e3369c1.jpg
詹園品田生態休閒農場,,,,,,1150901,1150930,,,558,10008,鹿谷鄉,瑞田村仁愛路23-8號,,,,120.810213,23.811251,,https://ezgo.ardswc.gov.tw/_api/content/images/notfound/miss.jpg
苗栗縣三義鄉新光樂活休閒農場,,,,,,1150901,1150930,(02)25096155,(02)25096165,367,10005,三義鄉,西湖村八櫃8-8號,,,,120.769916,24.376398,,https://ezgo.ardswc.gov.tw/_api/content/images/notfound/miss.jpg
星星休閒農場(停業中),,,以五葉松及桂花為主的農業生產。視野極佳可以遠眺台中港。本場目前設備不齊全,,,1150901,1150930,(09),,423,66000,東勢區,東勢段石角小段1981、1981-24地號等二筆,,,,120.756966,24.242220,,https://ezgo.ardswc.gov.tw/_api/content/images/agrispots/1251/480x360_6t9xqyjsus4x0jp8j3wch4ucsy4sbcks.jpg
悠然休閒農場,,,悠然休閒農場。「悠然休閒農場」四周環境清幽，有高山、有清澈山泉水，此地開墾於民國76年現任局長吳輝龍看中此地，認為此地是全台灣省最佳之處，配合水保局規劃做水土保持戶外教室，代表中華民國，給全世界水土保持協會專家參觀，之後成立了這座中華民國第一所戶外教室，上課對象主要有幼稚園學生到大學學生都有，若有想要來此上課，可聯絡行政院農業委員會、中華水土保持學會、國立台灣大學、水土保持司第二工程所或國立中興大學。。園區面積3.7公頃，園內種植大梨、柑橘等水果，可讓民眾自行採果，園內有美化果園、果園植草綠...,,,1150901,1150930,(09),,364,10005,大湖鄉,栗林村6鄰四份17-2號,,,,120.849760,24.380795,,https://ezgo.ardswc.gov.tw/_api/content/images/agrispots/156/480x360_20151119144045.jpg
森十八休閒農場,,,「誠如土地；誠如自己」我們以此信念聆聽土地生息，望向山水的寧靜；聽見雨過天晴的最後一滴雨水，風中傳來這片土地上珍貴而超然的桉葉香氣，享受尤加利樹浪的點點環繞。。我們用自然農法陪伴四十年的桉樹林一起呼吸.生長，並以12年的芳療經驗結合心靈藝術，將植物深刻的自然療癒力應用於身心旅途課程及身心調理的精油產品中，連結人與自然平衡就是自我療癒的美好旅程。。六感森林療育劇場集結了各種人生課題的療癒心法，著重於心理啟發與藝術探索，包含森林療癒、積極想像引導、行為與圖騰意識探索、團體互動及故事分享，透過感官...,,,1150901,1150930,(049)2273797,(049)2273800,551,10008,名間鄉,田仔村田仔巷16-8號,,,,120.675194,23.864652,體驗,https://ezgo.ardswc.gov.tw/_api/content/images/agrispots/210/480x360_ftr6kc2un0mriy598ysipxwuudavws6x.jpg
大頭目知本溫泉休閒農場,,,,,,1150901,1150930,(089)511306,,954,10014,卑南鄉,溫泉村32鄰樂山169號,,,,121.018366,22.683817,,https://ezgo.ardswc.gov.tw/_api/content/images/notfound/miss.jpg
杏花林休閒農場,,,杏花林休閒農場。每年2月來臨時，來到「杏花林休閒農場」一定會被滿山坡的杏花與櫻花相互爭豔的麗景吸引，時序進入3月，主角換成了香氣迷人的柚子花展露笑顏，但不變的是，原以栽種茶樹起家的「杏花林」，同樣準備好道地的木柵鐵觀音，讓民眾在賞花休憩時，也能悠然品茗。。占地約4.5公頃的「杏花林」是一個由四代同堂的張氏家族共同經營的農場，第一代主人張丁頂已高齡85歲，但民眾還是不時可以看到他為了照顧杏花，拿著鐮刀在陡峭的山坡上除草，是個「勇健銀髮族」。第二代農場負責人張智揚表示，「杏花林」原以栽重茶樹為主...,,,1150901,1150930,(02)29394866,,116,63000,文山區,老泉街45巷30號,,,,121.576574,24.968980,,https://ezgo.ardswc.gov.tw/_api/content/images/agrispots/87/480x360_20160118143817.jpg
豚之林休閒農場,,,豚之林休閒農場將最健康的乳豬送到屏東合法屠宰場處理，讓大眾能普及享用到台灣本土最新鮮、健康、衛生，體驗及享受DIY烤出脆皮乳豬的樂趣，把舊豬舍改成植滿台灣特有種的植物，讓您來此能遠離塵囂，放鬆心情，自在享受悠閒時刻。。除了有DIY烤乳豬體驗以外，還有推出季節限定「樹葡萄的採果體驗」，農場具有豐富自然的生態，佔地千坪，園中植滿各種台灣原生樹種，讓您在呼吸清新空氣的同時，又可以認識台灣的特有樹木，增廣見聞。。(圖片取自：豚之林FB) 。體驗活動－現烤烤乳豬。※🔔貼心提醒：相關體驗活動以農場...,,,1150901,1150930,(08)8631272,,926,10013,南州鄉,壽元村大同路69-180號,,,,120.542014,22.484228,,https://ezgo.ardswc.gov.tw/_api/content/images/agrispots/25021/480x360_agrispots-image-j1-kdcw6meq1rnkt1bzzrw.jpg
大吾疆莊園休閒農場(皇家薇庭),,,本場利用現有農地資源規劃達到休閒與產業之結合，以農村文物體驗、自然保育及生態教育為目的，並提供國人優質之休閒活動空間，藉由創意再造與體驗深植化，增加農場的創新力。,,,1150901,1150930,(03)3029222,,330,68000,桃園區,莊敬路二段369號,,,,121.287625,25.018807,,https://ezgo.ardswc.gov.tw/_api/content/images/agrispots/1307/480x360_20200325-25(2).jpg
小人國休閒農場(ARCADIA覓秘午憩),,,位於小人國入口處 奢野生活渡假莊園 覓祕˙午憩。五星好評推薦 遠離塵囂 悠遊慢活最佳景點,,,1150901,1150930,(03)4716123,,325,68000,龍潭區,高原路980號,,,,121.192854,24.829677,,https://ezgo.ardswc.gov.tw/_api/content/images/notfound/miss.jpg
葵扇湖休閒農場,,,台北景點 美麗的農村體驗 看日出、海景、夜景、生態、寧靜。。葵扇湖休閒農場介紹。https://www.lakesunflower.com.tw/images/502.mp4。葵扇湖休閒農場介紹。Tesla來葵扇湖休閒農場拍片.台灣農業綠色旅遊.。我們坐落在陽明山國家公園半山腰，暑假晚間溫度24度C，海拔300公尺，俯瞰北海岸美景，看夜景、海景、日出、月亮海面東昇，生態豐富，體驗新北市農村好景。,,,1150901,1150930,(02)24986322,,208,65000,金山區,兩湖里2鄰葵扇湖18號之6,,,https://www.lakesunflower.com.tw/,121.590049,25.229362,,https://ezgo.ardswc.gov.tw/_api/content/images/agrispots/25051/480x360_agrispots-image-iqrqir64_k-cto6-8tzodq.jpg
路易十四莊園休閒農場,,,路易十四莊園休閒農場-台東池上有機農業促進區全台最大有機農場百年前，這裡只是河水沖積的原野；百年後，這裡成了茶香盈盈的樂土。在台灣東部山海交會之地， 池上不只有稻浪與清風，還藏著一片沈睡百年的純淨河床地。那裡曾是溪水奔騰、石礫遍布之地，幾乎沒有人相信它能種茶。但創辦人不信命，只信雙手與時間。他用愚公移山的精神，一點一滴搬走石塊、整平土地，終於，這片荒地化身為有機茶園，讓茶樹在陽光、清風與純淨水源中自在生長。東方風味路易十四精品茶嚴選這份來自台灣土地的珍貴，將池上的自然淬錬， 以法式皇室的精神重新...,,,1150901,1150930,(09),,958,10014,池上鄉,新興村東欣路268巷1號,,,,0,0,,https://ezgo.ardswc.gov.tw/_api/content/images/agrispots/33998/480x360_091c7238d8c74a6a832d599bee08333b.png
康田休閒農場,,,,,,1150901,1150930,,,335,68000,大溪區,瑞源里落羽松路100號,,,,121.256832,24.870738,,https://ezgo.ardswc.gov.tw/_api/content/images/notfound/miss.jpg
文良休閒農場,,,文良休閒農場位於基隆市七堵區瑪陵休閒農業區瑪東里的北端，以往62快速道路大埔交流道尚未通車前，對外出入都需走大同路，得花上好長一段時間才能到達七堵區公所，交通上相當不便。。自從62快速道路大埔交流道通車後，從國道3號下瑪東系統交流道連接至此，不僅省下好長一段繞路的時間，也讓附近居民感受到交通帶來的便利。隨著交通大大改善，瑪東里、瑪陵坑附近的居民，紛紛將自己的農園改設為具備休閒性質的農場，文良休閒農場便是近期成立的合法休閒農場。。文良休閒農場內種植不少桂竹與綠竹，每年5月份桂竹筍開始成熟採收，...,,,1150901,1150930,(02)24310892,,206,10017,七堵區,大同街60之1號,,,,121.681137,25.139923,,https://ezgo.ardswc.gov.tw/_api/content/images/agrispots/25267/480x360_agrispots-image-4t281j483kmedfhlci_mpw.jpg
山上種樹牛樟森林休閒農場,,,山上種樹牛樟森林休閒農場，前人種樹，後人乘涼。二十年前種下的樹苗，如今已長成一座森林。「農村需要年輕人，年輕人更需要農村」。過去的十年裡，一家人都在兩岸三地奔波打拼，剩父親留守耕耘，但「身在異鄉，心在故鄉」，心中惦記的總是家鄉的那塊土地，藍凱瀚、張書榕終於回到故鄉大湖扎根，專業培植牛樟樹、牛樟杄插苗、牛樟種苗、牛樟種子、牛樟芝、牛樟查、茶樹實生苗。。愛這塊土地就是要身體力行，十多年來不使用除草劑，堅持用友善的種植方式對待家鄉土地，園區是一個永續經營的自然生態觀念，有老鷹、有野兔、有樹蛙，還有許...,,,1150901,1150930,(037)997262,,364,10005,大湖鄉,義合村南昌路41號,,,https://grow-tree.com/,120.878513,24.397270,,https://ezgo.ardswc.gov.tw/_api/content/images/agrispots/743/480x360_c109bd15f281472eb590e664bf75a18a.jpg
中崙漁業休閒農場,,,中崙漁業休閒農場。中崙漁業休閒農場經營以休閒魚釣(註1)為主，並提供現釣現料理與自種青菜簡單料理服務。全場採用透過管線引進海水之半鹹水養殖，所飼養之台灣鯛與黑公(吳郭魚)，並沒有一般淡水魚慣有的泥臭味道，吃過的人莫不讚不絕口。。本場主人多次獲得宜蘭縣政府與中華民國養殖漁業發展協會所頒之【優秀養殖漁民】【模範漁民】與【漁民楷模】等殊榮。並於2008年12月時獲得FSII所頒之【符合FSII農產品產銷履歷驗證規範】。。本場乾淨舒適廣闊的釣魚環境，可容納團體組織(釣魚協會/社團)預約舉辨大型釣漁...,,,1150901,1150930,(03)9875317,,261,10002,頭城鎮,三和路643巷46號,,,,121.803854,24.827930,,https://ezgo.ardswc.gov.tw/_api/content/images/agrispots/128/480x360_20160318163603.jpg
泉園休閒農場,,,簡介。農場位於蘆竹區之大古山地區，以花、果及生態體驗園區為主軸，提供自然生態及農業文化體驗，讓遊客到訪時能感受到濃厚的田園生活。農場規劃農村生活體驗區、生態魚池體驗區、有機蔬果體驗區、拈花惹草體驗區、蘆竹及百合復育區等主題活動，農場休閒體驗內容豐富，休閒農業風采獨特，歡迎大家來玩！。是桃園市唯一有山又有海的地方，位於桃園崖線的未瑞，可以俯瞰桃園國際機場及台灣海峽，俱備生物多樣化，泉水源源不絶，濕地豐富，崖線視野廣濶。【如欲安排前往建議事先電話聯繫確認】。遊程/體驗介紹 。1.生態導覽+...,,,1150901,1150930,(09),,338,68000,蘆竹區,坑口里小古山路183號,,,,121.284728,25.108567,,https://ezgo.ardswc.gov.tw/_api/content/images/agrispots/681/480x360_20200324-25.jpg
好農村休閒農場,,,好農村觀光農園位於大湖鄉，ㄧ個盛產草莓的地方，好農村農園不單單只有草莓而已，還有很多讓人一飽口福的水果，如仙人果、李子、水蜜桃、甜桃、高接梨、椪柑、海梨等，都是這裡所種植的水果。如此的多樣化，讓好農村幾乎一年四季都有不同的水果產出，也讓消費者不論何時何地蒞臨好農村，都一樣能享受到摘採水果的樂趣喔！。經營二十幾年的好農村，老闆賴先生一直秉持著用心培育的原則，才會年年出產甜美又多汁的水果，老闆說這裡風景優美，水果豐碩，適合親子同遊、讓人流連忘返呢。。而不同於其他農園，這裡有教導遊客自行DIY醃漬...,,,1150901,1150930,(09),,364,10005,大湖鄉,栗林村薑麻園10號,,,,120.829257,24.386302,,https://ezgo.ardswc.gov.tw/_api/content/images/agrispots/166/480x360_20151119151648.jpg
七口灶休閒農場,,,七口灶休閒農場。『七口灶休閒農場』是中部地區南投的合法休閒農場，是經過農委會准予籌設的合法休閒農場，園區經過細心的整理，以休閒農業區的主題經營概念提供南投露營烤肉的絕佳地點選擇。在南投休閒農場中，七口灶是適合團體機關露營烤肉的休閒農場，歡迎機關，團體來舉辦健康親近大自然的烤肉露營與團康活動，相信七口灶是您國內旅遊烤肉露營的最佳選擇。。全區早、晚各有不同的風貌，離草屯市區僅10多分鐘車程，卻全無市區的吵雜喧擾，園區內寬廣的大草皮，看了讓人心曠神怡，甚至會有想在草地上打滾的衝動，到了晚上，園區內...,,,1150901,1150930,(09),,542,10008,草屯鎮,坪頂里股坑巷13之88號,,,,120.733416,23.955249,,https://ezgo.ardswc.gov.tw/_api/content/images/agrispots/25160/480x360_agrispots-image-9mjy0ukb7k2wd25p8k-g6a.jpg
石門客棧休閒農場,,,「石門客棧」位於海拔四百公尺的山上，翠綠的山頭上雲霧層層疊繞、空氣清新，在露台座位區用餐心情舒爽。從露台往下瞭望，一大片都是水梨、楊梅、柑桔果園，每年6月到9月盛產 高接梨，水分飽滿、滋味甘甜。。若水果採收不完，老闆便動動腦筋將水果入菜、草 莓和水梨等季節性的餐點，漸漸成了店裡的招牌料理。冬天有「炸草莓」、「草莓火鍋」，夏天則以高接梨設計出創意田園 料理「和風水梨雞肉捲」、「水梨燉湯」、「水梨魚」等，讓人可以品嚐到當季水果的清甜，更可吃到他們的創意。此外，除提供客人舒適用餐、歇腳的環境，石門客...,,,1150901,1150930,(037)951129,(037)951272,364,10005,大湖鄉,栗林村竹橋20號,,,,120.844888,24.363310,,https://ezgo.ardswc.gov.tw/_api/content/images/agrispots/25684/480x360_agrispots-image-7xfzy6afruytpg9rb3jpwq.jpg
陽明休閒農場,,,陽明休閒農場位於新北市金山區，依山傍海，擁有得天獨厚的自然景觀與純淨環境，是一處結合花卉栽培、休閒體驗與自然教育的休閒農場。。農場以花卉種植為主要經營項目，依循季節栽培多樣花種，園區四季呈現不同風貌。透過細緻的栽培管理與友善環境的耕作方式，讓花卉在自然條件下健康生長，也讓來訪的旅客能近距離欣賞花田景致，感受農業與自然共生的美好。。為了讓遊客更深入了解花卉產業，陽明休閒農場規劃花卉導覽、農事體驗及適合親子參與的活動，讓民眾在輕鬆的氛圍中認識花卉生態、栽培知識與農村文化，達到寓教於樂的目的。。...,,,1150901,1150930,(03)3391899,(03)3026085,208,65000,金山區,重和里13鄰磺溪頭16之2號,,,,0,0,,https://ezgo.ardswc.gov.tw/_api/content/images/agrispots/40297/480x360_f16a9073334d44c2b8b1d5f0e53bd768.jpg
東風有機休閒農場(東風綠活 Oriental Green),,,簡介。東風位於宜蘭縣中山休閒農業區之內，環境清幽，四周群山環繞，保留了宜蘭最自然的風情，農場就在冬山河源頭，中山瀑布下，綠野自然，生態景觀極美。本農場以結合自然生態、農業生產、休閒生活為經營理念，促進休閒農業與自然保育的永續和諧發展。並以發展為國內「友善環境設施」與「棲地保育」的最佳教育示範點為目標願景。。東風花了8年，將原本像荒地的溪埔地、山坡果園，改造成現今的有機休閒農場。為了讓土壤恢復健康，以自然農法種植，停用農藥與化學肥料，經歷了十多年的自然淘汰過程，果園裡的柚子樹變少了，但存活下來...,,,1150901,1150930,(03)9587511,(03)9588564,269,10002,冬山鄉,中山村中山路769號,,,https://orientalgreenofficial.com/,121.730440,24.618304,,https://ezgo.ardswc.gov.tw/_api/content/images/agrispots/124/480x360_20151120175237.jpg
石門森林休閒農場,,,農場有美麗的田園鄉野景觀，提供多元生態導覽解說、食用香草等農產品栽種及地方產業農產品展售，亦有紀念性伴手禮品、DIY體驗活動等。。【如欲安排前往建議事先電話聯繫確認】,,,1150901,1150930,(02)26557799911,,335,68000,大溪區,三層段阿姆坪小段,,,,121.309036,24.816451,,https://ezgo.ardswc.gov.tw/_api/content/images/agrispots/951/480x360_20200325-20(2).jpg
貝林古堡休閒農場,,,隱身於彰化埤頭的「貝林古堡．菲尼克斯教堂」，是一處揉合異國浪漫與甜點香氣的夢幻莊園。這裡不僅以「全台最強」的酥脆葡式蛋塔擄獲饕客的心，園內宏偉的歐式古堡與精緻的鏤空雕花教堂，更讓人彷彿瞬間置身歐洲小鎮，是尋覓優雅下午茶與絕美攝影場景的絕佳去處。,,,1150901,1150930,,,523,10007,埤頭鄉,斗苑東路1之68號,,,,120.501051,23.878225,,https://ezgo.ardswc.gov.tw/_api/content/images/notfound/miss.jpg
比來特區生態休閒農場,,,,,,1150901,1150930,(03)5964617,,311,10004,五峰鄉,花園村比來69-18號,,,,121.125165,24.681084,,https://ezgo.ardswc.gov.tw/_api/content/images/notfound/miss.jpg
二崎生態休閒農場,,,二崎生態休閒農場。農場位於大屯山簏動植物生態豐富，1至3月份多種櫻花陸續綻放，4至5月份採收桂竹筍及楊梅，6月份蕃茄及瓜類開始結果，7至9月份挖竹筍體驗，11月至隔年3月份為葉菜類產季，來農場體驗各個季節的農家工作與節慶米麵食，品嘗天然健康的食蔬，把健康歡樂帶回家。。【如欲安排前往建議事先電話聯繫確認】,,,1150901,1150930,(02)28917787,,112,63000,北投區,大屯里復興三路355巷39號,,,,121.498798,25.154717,,https://ezgo.ardswc.gov.tw/_api/content/images/agrispots/85/480x360_20151117181142.jpg
巧克力雲莊休閒農場,,,巧克力雲莊 (SCHOKOLAKE) 是台灣唯一整合自可可產地契作、研發生產到通路銷售的巧克力專業工廠，提供各式美味高品質的巧克力、甜點與蛋糕，生巧克力更是長年的熱銷商品，可依據喜好選擇口味，結合了德文的巧克力 (SCHOKOLADE) 與巧克力雲莊的故鄉 - 大湖 (LAKE)一來註記雲主人當時在德國出差時，立下志願要做「台灣經典巧克力」的夢想，二來希望巧克力雲莊繫著大湖的根，利用在地食材製作各式各樣美味的產品。。巧克力DIY。無論是大人小孩都能全心認真投入，自己DIY製作屬於自己獨一無二...,,,1150901,1150930,(037)996916,,364,10005,大湖鄉,富興村水尾坪49-2號,,,,120.877111,24.448558,,https://ezgo.ardswc.gov.tw/_api/content/images/agrispots/29871/480x360_agrispots-image-6kg3yy0bdusyssoe-vht5w.jpg
鳳梨屋休閒農場,,,鳳梨屋從養殖開始，利用雪山山脈山泉水的水質孕育出新鮮可口的鱘龍魚及凍齡鱸魚。。(鱸魚養殖示意)。(鱸魚養殖示意)。遊覽景點。風梨屋佔地面積寬廣， 有全長一公里的落雨松大道， 園區內有大大小小流水瀑布以及精彩的拍照景點，擁有豐富的水資源及自然生態， 晚上可以倘洋在浪漫星空的懷抱裡， 享受蟲鳴鳥叫。(落雨松大道示意圖)。(豐富水資源及豐富生態示意圖) 。體驗活動。露營之客人可於園區停留至少2天1夜行程，享受徜徉於大自然的環境中，充分休息之餘，可透過園區內豐富的生態導覽解說以寓教於樂的親...,,,1150901,1150930,(09),(03)9231028,264,10002,員山鄉,中華村15鄰長嶺路195號,,,https://lin.ee/G7Z8W6T,121.608213,24.701593,,https://ezgo.ardswc.gov.tw/_api/content/images/agrispots/7043/480x360_555.png
耕堡休閒農場(停業中),,,農場介紹。耕堡休閒農場位於宜蘭縣三星鄉員山村長埤湖風景區旁，亦是清水溪河系沖積的小平原基地。是這幾年新興的宜蘭祕境，未來農場的入口處已規劃新的清水地熱公車轉運站，交通更加便利，是個不可不來的好所在。。農場創辦精神指標人 陳坤 陳老闆是在地土生土長的三星人，對這片土地有著濃濃的感情和付出，基於信仰大自然資源的經濟理念，以設立綠色資源樹下休閒經濟為前提，把荒野變奇蹟。。農場提供您一個友善的農業環境，在這裡您可以享受體驗活動，購買有機新鮮蔬果以及農特產品。歡迎預約來走訪看看!。農場套裝體驗 ...,,,1150901,1150930,(09),,266,10002,三星鄉,三星路八段238巷長埤68號,,,,121.607980,24.642388,,https://ezgo.ardswc.gov.tw/_api/content/images/agrispots/744/480x360_73358300_528830817662692_4339151561604202496_n(1).jpg
侑橘休閒農場,,,侑橘休閒農場。侑橘休閒農園坐落於苗栗縣三灣鄉&rdquo；永和山水庫&rdquo；湖畔，佔地約2甲，境內有永和山水庫進水導水口，俯瞰水庫全景，群山環繞，山水相映的風光，景緻不凡。「侑橘」顧名思義，主要以栽種柑橘類水果為名，以開放觀光採果為其主要特色，採有機栽培方式栽種各種蔬果，計有葡萄柚、文旦柚、茂谷柑等數十種水果，尤以「茂谷柑」及「文旦柚」品質最優，味美多汁，香甜可口，得獎無數，並獲&rdquo；吉園圃生鮮蔬果&rdquo；認證，園內亦種植香椿等數種山產健康蔬菜可四季嚐鮮；同時提供合法民宿、...,,,1150901,1150930,(037)832779,,352,10005,三灣鄉,永和村8鄰北坑12-1號,,,,120.935569,24.649474,,https://ezgo.ardswc.gov.tw/_api/content/images/agrispots/25464/480x360_agrispots-image-kfy6us0rkk6w_n5fmgy9bq.jpg
青青休閒農場(蘭陽青青馬場),,,青青休閒農場位於三星鄉尚貴路二段25號，結合馬場及馬上咖啡座，場內提供專業馬術課程、畜養馬匹、休閒農場設施、農特產品調理輕食及飲品服務觀光群眾。。本農場以英式馬術課程教學為主，由教練進行一對一教學指導，讓學員們都能從基本動作到進階課程，以最正確的騎乘觀念與技巧讓學員逐步進入馬術運動的世界，享受駕馭馬匹的快感。。本農場致力於推廣馬術文化及在地農產品，藉由活絡馬術文化及觀光市場，喚醒大眾對土地的認同及熱愛。。休閒區提供公司及團體等舉辦動靜態活動。。體驗活動。(一)青青休閒農場馬術體驗分為2...,,,1150901,1150930,(03)9899265,,266,10002,三星鄉,尚貴路二段25號,,,,121.68683,24.68835,,https://ezgo.ardswc.gov.tw/_api/content/images/agrispots/24946/480x360_agrispots-image-f9pj6box6uk9daamfmm6vq.jpg
興民休閒農場,,,興民農場位於福至興臨十大經典農村之中，地理位置相當的棒！黃昏夕陽西下時，遠眺火力發電廠及台灣海峽的美景一覽無遺！還有海上輪船緩慢移動，好似一幅畫，時間靜止。夜晚的星空繁星點點飄蕩著浪漫的氣息，浪漫讓人流連忘返於此刻無限美好的時空之中！。農場為佔地二甲多、面西的平坦緩坡，園內種植玫瑰，另外還有薰衣草、迷迭香、以及日本薄荷、綠薄荷、巧克力薄荷，檸檬薄荷等少數香草植物。。玫瑰花園、景觀魚池、茵茵草地，到此一遊可以飽覽疊翠山巒及日落美景，還有視線盡頭的台灣海峽。這裡提供火鍋、和菜、冰品飲料等，美景佳...,,,1150901,1150930,(037)783438,,357,10005,通霄鎮,福興里3鄰29之6號,,,,120.743705,24.426774,,https://ezgo.ardswc.gov.tw/_api/content/images/agrispots/154/480x360_20151120161347.jpg
仁安居生態休閒農場,,,仁安居生態休閒農場。農場位於&quot；長壽之鄉&rdquo；的關西，為鎮上第一家合法休閒農場，並栽種三百餘顆未施農藥的苦茶樹，每年十月開始採收並日曬壓榨，全年也僅此一收。除大面積的茶樹除了生產苦茶油之外，也因為無農藥施放，形成天然動植物棲息以及生長的重要場所，像是以水生濕地為主的蜻蜓科、蛙類、螢火蟲還有為數不少的鳥類，像是五色鳥、八哥、綠繡眼、台灣藍鵲、樹雀、老鷹、小白鷺等等&hellip；.穿梭在園區內的各種樹木中，而園區內也飼養了兔子、金雞、松鼠、果子狸、鵝等等&hellip；以增加農場...,,,1150901,1150930,(09),,306,10004,關西鎮,中豐路二段322巷3號,,,,121.185761,24.802421,,https://ezgo.ardswc.gov.tw/_api/content/images/agrispots/6995/480x360_龍眼.png
碧海星辰休閒農場,,,,,,1150901,1150930,(09),,950,10014,臺東市,松江路二段808號富岡里,,,,121.189649,22.818667,,https://ezgo.ardswc.gov.tw/_api/content/images/notfound/miss.jpg
大山背休閒農場,,,大山背農園為 大山背休閒農業區 的核心成員。。農園位置位於大山背山海拔500~700公尺的山坡上，園區地勢較高，想到果園的民眾可以開車到樂善堂停車，步行至果園，一來可免受尋找車位之苦，也可順便健身運動。或是直接驅車到農園的小停車場停車。。此處果園向陽背風，因此生產出來的柑橘風味特佳，顏色鮮紅味道甜美，讓人忍不住想去品嘗，盛產期為每年於12月至次年3月，種類分為茂谷柑及帝王柑等。。圖片來源：大山背休閒農場粉絲專頁,,,1150901,1150930,(09),,312,10004,橫山鄉,豐鄉村大山背5 鄰 52 號,,,,121.144777,24.695594,,https://ezgo.ardswc.gov.tw/_api/content/images/agrispots/600/480x360_大山背.jpg
上庄休閒農場,,,上庄休閒農場。飄來的一陣茶樹芳香， 細細品嘗。 請您暫緩身邊的事物， 停下腳步， 聆聽恬適的飛舞清揚。。不識茶樹真面目。走過農村道路，來到上庄休閒農場，園內草木繁榮、綠樹成蔭，主要栽種澳洲茶樹、台灣土肉桂、火龍果等有機作物，種植面積佔地三公頃，質樸的農場主人梁景銘先生，早年從事混泥土工作，由於政府推廣景觀造林，便將當時家裡的閒置農地配合政府補助種植造林樹木使用，在一次機緣下，朋友驚見園內的高壯的澳洲茶樹，便欣喜的與他說明，有鑑於景觀造林時間需長達二十年才可出售樹木，在經濟考量下，於是決定重...,,,1150901,1150930,(08)7962543,,906,10013,高樹鄉,高樹村4鄰豐源路7號,,,,120.606430,22.824981,,https://ezgo.ardswc.gov.tw/_api/content/images/agrispots/4232/480x360_de75fd1ac036430bb63ff27316ebc24e.jpg
永和山古厝休閒農場,,,,,,1150901,1150930,(037)669175,,352,10005,三灣鄉,永和村9鄰20-1號,,,,120.924522,24.637164,,https://ezgo.ardswc.gov.tw/_api/content/images/notfound/miss.jpg
永齡有機休閒農場(永齡農場),,,,,,1150901,1150930,(07)6775068,,846,64000,杉林區,上平里山仙路288號,,,https://www.yonglinfarm.com.tw/,120.542815,22.977307,,https://ezgo.ardswc.gov.tw/_api/content/images/notfound/miss.jpg
柏泰園休閒農場,,,,,,1150901,1150930,(09),,112,63000,北投區,立賢路 77 號,,,https://goo.gl/GTJMxS,121.500990,25.114661,,https://ezgo.ardswc.gov.tw/_api/content/images/notfound/miss.jpg
亮山川休閒農場(亮山川景觀休閒園區),,,,,,1150901,1150930,(02)24921130,,207,65000,萬里區,內中福1之3號,,,,121.67077,25.16502,,https://ezgo.ardswc.gov.tw/_api/content/images/notfound/miss.jpg
綠世界休閒農場,,,綠世界休閒農場。  。  位於新竹北埔的「綠世界生態農場」，為亞洲最大的開放式亞熱帶雨林生態園區，佔地７０公頃，是非常適合親子旅遊及擁抱大自然的好地方。。  。  。  園內有六大主題公園：1.『天鵝湖』、2.『大探奇區』、3.『水生植物公園』、4.『鳥類生態公園』、5.『蝴蝶生態公園』、6.『生物多樣性探索區』以及最受小朋友們歡迎的「動物劇場」、「可愛動物區」，還有四季花園、熱帶雨林空中步道、仙人掌公園、香草植物區、綠野草原、侏儸紀景觀廁所、客家百年古厝、奇妙種子植物區..等47個豐...,,,1150901,1150930,(03)5801000,,314,10004,北埔鄉,大湖村7鄰20號,,,https://www.green-world.com.tw,121.071096,24.698810,體驗,https://ezgo.ardswc.gov.tw/_api/content/images/agrispots/25410/480x360_agrispots-image-awk4drkeeecsj-9bqolrsa.jpg
海園教育休閒農場,,,,,,1150901,1150930,無,,253,65000,石門區,海園路38號,,,,121.558549,25.291073,,https://ezgo.ardswc.gov.tw/_api/content/images/notfound/miss.jpg
香草星空休閒農場,,,多年在台北的餐飲服務，因職場需求，考取了中餐乙、丙級的證照，烘焙及咖啡調酒五照合一的丙級證照，和美國花藝學院的高級講師資格；從事餐飲服務多年，發揮喜愛美食的專長，開發了香草植物的DIY活動，例如:季節性的香草植物阡插DIY、左手香防蚊液DIY製作課程及販售，應用園區內的香草植物推廣在地食材餐桌的概念，發展出各式的香草料理及糕點，沖泡香草植物茶飲，製作羅勒青醬DIY，進而發展義式海鮮義大利麵的活動，推出一至多日小小廚師親子營，賢妻良夫的廚藝的精進營、銀髮族的養生餐飲料理longstay的健康之旅，...,,,1150901,1150930,(03)9600123,(03)9605168,268,10002,五結鄉,大眾五路310號,,,https://039600123.hi-bnb.com/,121.821321,24.698501,,https://ezgo.ardswc.gov.tw/_api/content/images/agrispots/4154/480x360_1531058507595.jpg
河堤休閒農場(河堤番茄園),,,,,,1150901,1150930,(07)6815713,,843,64000,美濃區,福安街15巷15之1號,,,,120.527315,22.894995,,https://ezgo.ardswc.gov.tw/_api/content/images/notfound/miss.jpg
大花玫瑰休閒農場(大花農場),Grand Blossom Recreation Rose Farm(大花玫瑰休閒農場),大花バラレジャー農場(大花玫瑰休閒農場),九如大花農場主人楊添得先生承租台糖土地4.5 公頃全面種植玫瑰，並申請MOA 國際美育有機認證通過，2013年增添15公頃農地，種植總面積近20公頃，是全台最大有機玫瑰農場，2023年將4.5公頃田區更名為大花玫瑰休閒農場，並在同年取得特色農業旅遊場域的認證。農場將玫瑰花以低溫乾燥製成玫瑰立體茶包及蒸餾處理的玫瑰精露，堅持有機栽培的信念，生產最值得信賴的有機農產品，發展本土有機玫瑰，在市面上銷售，深受消費者青睞。。體驗活動。農場規劃有玫瑰花醬、玫瑰壽司DIY活動，使用農場主要農作物-有機玫瑰...,The content of this article is sourced from Special Agro-tourism Spot Certification.。&quot；Grand Blossom Recreation Rose Farm&quot； - Red as Fire and Alluring as a Fairy， Organic Roses bring Romance into Dishes。Grand Blossom Recreation Rose Farm is situated in Jiuru Township， Pingtung County， spanning an area of 4.5 hectares. It stands as the largest organic edible rose farm in Taiwan. Formerly a producer of cut flowers， the farm shifted focus after a two-year trial on edible roses， mastering ...,この記事の内容は「特色ある農業の旅のスポット認証」より引用しています。。  。  。  紅色は火のように 　仙女のような美しさ オーガニックなバラが料理にロマンチックを添えます。  。  。  大花レジャーファームは台湾屏東県九如郷に位置し、4.5ヘクタールの面積を占め、台湾最大のオーガニック食用バラ農場です。大花農場の前身は切り花を生産しており、2年かけて食用バラの試験栽培を行いました。今では技術をマスターし、生産量が安定しています。しかし、生産量を増やす方法について考えたことはあ...,1150901,1150930,(08)8101858,,904,10013,九如鄉,九如路一段2-88號,No. 2-88， Sec. 1， Jiuru Rd.,九如路一段2-88號,https://f88.myorganic.org.tw/,120.491652,22.708660,,https://ezgo.ardswc.gov.tw/_api/content/images/agrispots/25073/480x360_agrispots-image-niqdgxjjiuwwyr-i1eewaq.jpg
正統休閒農場,,,正統休閒農場。農場的主人原本在羅東市區經營旅社因為厭倦了城市中的生活，毅然決定帶著自己的家人回到家鄉建立一個與鄉村田園結合的民宿，由最初的民宿規劃慢慢的成長成為一個理想中更符合田園自然的農場。。民宿中設有露天的咖啡桌椅、休憩涼亭、賞鯉池塘、籃球場和四周的田園景觀及鄉間小路，而成的獨一無二「正統休閒農場」；舒適典雅的客房不僅讓你在休息時更能放鬆心靈的地方，簡單、明亮和乾淨是農場主人對生活品質的堅持；雖然沒有華麗的裝潢但設備齊全，讓您就像是在家一樣的舒暢。田野的鄉村生活更是釋放您在都巿中所有壓力...,,,1150901,1150930,(03)9898616,,266,10002,三星鄉,大隱村大隱8路283號,,,,121.714036,24.664556,,https://ezgo.ardswc.gov.tw/_api/content/images/agrispots/106/480x360_20151113150009.jpg
立川漁場休閒農場,,,位於臺灣東部淨土－立川漁場，是全球黃金蜆唯一製造原廠，而黃金蜆由立川所創，也是世界第一深入其研究的公司。黃金蜆養價值遠遠高於其它現有蜆類，尤其維持肝臟健康的有效性具有多項研究報告證實，良好的口碑更廣傳兩岸三地與國際。。蜆殼 DIY 體驗。活動時間：30~60分鐘。體驗費用：每人200元。發揮想像與創作力，透過漂亮的蜆殼，搭配簡單工藝素材，製作出獨具特色的專屬紀念品。。蜆與「顯」同音，有「顯達」之意。用黃金蜆與花佈素材發揮創意，親手製作專屬紀念品，把「吉祥顯達」帶進家！。摸蜆體驗 。...,,,1150901,1150930,(08)00007111,,974,10015,壽豐鄉,共和村魚池45號,,,https://www.lichuan.tw/,121.522179,23.864725,,https://ezgo.ardswc.gov.tw/_api/content/images/agrispots/1317/480x360_a1p5smdnns35ifgtcs6r8w8r12vjvwe6.jpg
海賊庄休閒農場,,,海賊庄休閒農場位於嘉義縣新港鄉，由海賊的子孫在原來的海賊庄建立農場，串連在地歷史、農產與馬賽克工藝，透過提供屬於在地的農村文化以及自然體驗，讓更多人認識到這塊土地的歷史、支持嘉義農作農產並了解到保存傳統工藝的重要性。 園區農作物以大航海時代哥倫布大交換之物種為主，和新興作物的教育農作互相搭配，全區採草生栽培，不使用化學農藥或肥料，為環境永續盡一份心力。體驗介紹親子手作披薩體驗、馬賽克拼貼、花磚陶板彩繪、空氣鳳梨&水草瓶景觀盆栽、鹿角蕨上板、水苔球、冬季控窯【七海揚帆食農體驗館】結合農場自栽農作物...,,,1150901,1150930,(05)7811269,,616,10010,新港鄉,南港村117-69號,,,https://www.twpvillage.com/,0,0,,https://ezgo.ardswc.gov.tw/_api/content/images/agrispots/32538/480x360_agrispots-image-jgnlpyhggeo2yl2icdqxga.jpg
仰山休閒農場,,,淡雅的樹香； 負離子和芬多精。晨曦； 湖畔靜思，黃昏； 欣賞天際的一抹彩霞，夜幕； 輕歌淺吟地細數流年，身心靈完全的放鬆，遠離塵囂的靜瑟。。高山仰止，景行行止，「仰山農場」內有日式木造建築，環境清幽，猶如文人雅士居所，行步其中不覺會放慢腳步，深恐破壞那一幽寧謐。清晨的仰山農場猶如蒙上一層薄紗，仰眺不遠的霧霧山，在餘氤裊裊的晨霧中，會讓人不禁幻想俠士與仙女聯袂飄過，令人不羨鴛鴦只羨仙，欲尾隨乘風同去。。楊文化先生為園藝苗木專家，他精心栽培的種苗園內有金龜樹、蘭嶼肉荳蔻、杉樹、賽赤楠等喬木，區內...,,,1150901,1150930,(09),,906,10013,高樹鄉,舊寮村10鄰萬興路33號,,,,120.629314,22.851021,,https://ezgo.ardswc.gov.tw/_api/content/images/agrispots/4219/480x360_6fbd4ad2a4fe41b19121e8d2f1840ead.jpg
大團園休閒農場,,,,,,1150901,1150930,(02)26625328,(02)26648226,222,65000,深坑區,阿柔里阿柔洋25-1號,,,,121.612998,24.999059,,https://ezgo.ardswc.gov.tw/_api/content/images/notfound/miss.jpg
幻日休閒農場,,,高美濕地是此生必去的夢幻景點，被譽為「台灣最美夕陽」之一。當夕陽映照在遼闊水面，天光雲影交織出如詩如畫的絕景，令人屏息。腳踩著潮間帶的細沙，感受自然的靜謐與壯麗，那一刻彷彿時間靜止，成為旅途中最難忘的記憶。本農場位於高美濕地海景第一排，想一覽濕地美景只在幻日休閒農場。。幻日休閒農場是一處結合自然景觀與農業體驗的好去處，農場販售輕食，亦有南瓜及檸檬採果體驗，農場採預約制，請透過IG私訊預約。,,,1150901,1150930,,,436,66000,清水區,美堤街126號,,,,120.549387,24.307815,,https://ezgo.ardswc.gov.tw/_api/content/images/agrispots/32492/480x360_agrispots-image-l5ble2xwh0c20cn9obn9sw.jpg
五福畊讀休閒農場(停業中),,,農場有優美環境，清新空氣，養生四大療癒(抱大樹、踏草皮，負離子換氣場，艾草香茅泡腳)，點燈揚扇，環保零碳山蘇，體驗食農。香草茶飲。,,,1150901,1150930,(09),,423,66000,東勢區,慶福街16號,,,http://www.softpond.com.tw/index.html,120.855145,24.193189,,https://ezgo.ardswc.gov.tw/_api/content/images/agrispots/729/480x360_dj5f274y19q06vu2ze85jwc1a39gn4nu.jpg
大古山休閒農場,,,本場秉持讓遊客享受自然景觀、體驗農村生活的用心，規畫林間生態體驗區、林間鮮採花生體驗區、林間咖啡體驗區、林間綠竹筍體驗區，發展綠竹筍鮮採、生態解說導覽、野趣童玩DIY、賞林等活動，以展現休閒農業風采。。【如欲安排前往建議事先電話聯繫確認】,,,1150901,1150930,(09),,338,68000,蘆竹區,大古路228號,,,,0,0,,https://ezgo.ardswc.gov.tw/_api/content/images/agrispots/927/480x360_20200325-20.jpg
樂農發休閒農場,,,樂於從農，發展健康農產。重整休耕稻田，活化傳承農業 。為了年邁長者，毅然返鄉從農。宏賓從中興大學「生命科學院」碩士畢業，經歷生技公司產品研發並練就他對生技天然保健品的敏銳度。當時母親已無法從事田間勞務，加上為了照顧年歲近百的奶奶，因此辭職返鄉，將休耕稻田重新活化起來。一開始宏賓想將水稻田改造為薰衣草花園，買種子試種後，才發現種香草要有一定的氣候環境。更努力思考埤頭鄉地區的風土適合什麼作物，而後再與自己興趣和機會做出區隔，最後確認「桑椹」是適合的作物選項。 。獲選百大、開發桑椹加工產品。...,,,1150901,1150930,(09),,523,10007,埤頭鄉,崙腳村8鄰和平路350號,,,,120.468800,23.883572,,https://ezgo.ardswc.gov.tw/_api/content/images/agrispots/5143/480x360_28f71141fb3e4e5da9e8c55e1c73865d.jpg
士嫻休閒農場,,,,,,1150901,1150930,(09),,942,10013,春日鄉,古華村古華路3巷69號,,,,120.626764,22.359377,,https://ezgo.ardswc.gov.tw/_api/content/images/notfound/miss.jpg
乾坤有機生態休閒農場,,,簡介。營業開放時間皆採預約制。。乘車在屏東沿山公路，穿過蓊鬱的森林，一個轉彎，來到了乾坤有機生態休閒農場，高大椰樹夾道歡迎，野牡丹、蝴蝶蘭、異種天堂鳥、粉紅扶桑、金露華等爭相綻放，蝴蝶、蜜蜂穿梭其間，多達上百種的植物爭相比美，角落還有一方生態池，青蛙、烏龜、蜻蜓等棲息其間，商晶化的生產區只佔了園區一小塊，我們是在裡頭，只覺這裡不像是荔枝果圈，倒像是未經人造訪的世外桃源。。野牡丹、蝴蝶蘭、異種天堂鳥、粉紅扶桑、金露華等爭相綻放，蝴蝶、蜜蜂穿梭其間，多達上百種的植物 爭相比美。。堅持有機農耕...,,,1150901,1150930,(09),,923,10013,萬巒鄉,新厝村沿山路一段250巷66號,,,https://sites.google.com/site/youjiguoyuanceshi/,120.628416,22.559612,,https://ezgo.ardswc.gov.tw/_api/content/images/agrispots/4240/480x360_dc4d212c4e534e74b3550fc2f08c0dc3.jpg
千郁休閒農場,,,緣起。七年级台大經濟系畢業的Li-fu和自東京留學回来的妹妹Michelle，二人常常至世界各地，但心中依舊深深覺得台灣是最美麗的地方，因此毅然辭去台大電信研究所和中華電信的工作返回農鄉，和家人共同打造「花卉飄香芳郁千里的綠茵農園」。。營業項目。農場鄰近林口交流道，是個食農環境生態教育農場。綠樹青翠、生態豐富，種植各種蔬菜、樹種及各色花卉香草，共有五百多種植物。場內設有農業教育解說、農產品展示售與DIY農事體驗活動（製作香草盆栽多肉植物以及手工皂），適合冬夏令營、一日遊校外教學、文康活動、...,,,1150901,1150930,(09),,338,68000,蘆竹區,坑子里八德二路288號,,,,121.339338,25.069672,,https://ezgo.ardswc.gov.tw/_api/content/images/agrispots/4584/480x360_20200325-11.jpg
卑南休閒農場,,,卑南休閒農場。坐在屋外看台上的座椅，眺望遠方的青翠山景，忽見一列火車緩緩駛過，在藍天白雲與青翠山巒的背景襯映下，宛如一幅生動的畫作，就在眼前浮現，這是位於台東車站附近的卑南休閒農場獨有的景致。。位於台東市郊界的卑南休閒農場，目前以民宿經營為主，整個農場占地3公頃多，幅員遼闊，但在主人「自然、分享」的理念下，萬坪空間裡卻只蓋了10個房間，其他空間盡是用草皮鋪成的自然綠毯，另外還保留了7分地種植果樹與作物，包括玉米、柚子、西印度櫻桃、石榴、芭樂、柑橘等，不以生產營利為目的，採用最自然的照顧方式，...,,,1150901,1150930,(089)231899,,950,10014,臺東市,永安街180巷38弄16號,,,http://www.villegreensward.com/,121.123541,22.783393,,https://ezgo.ardswc.gov.tw/_api/content/images/agrispots/25260/480x360_agrispots-image-evz2wdkscuimtgzoctrcdw.jpg
長屋休閒農場,,,,,,1150901,1150930,(037)783668,,357,10005,通霄鎮,福興里88之8號,,,https://www.longhouse.com.tw/,120.743351,24.423971,,https://ezgo.ardswc.gov.tw/_api/content/images/agrispots/1414/480x360_f86088c290954d81aed211e07561be31.jpg
欣隆休閒農場,,,欣隆休閒農園可說是中潭公路的後花園，南倚坪頂山，面向烏溪流域，右面可眺望九九峰全貌，左面一窺草屯市區全貌。。由中潭公路南埔農業教育休閒園東端入口進入，首先會看見木製涼亭及圍攔，水池內種植蓮花，這裡有兩處產銷班分別是第三、第六產銷班，可看見整片一望無際的農地，有種植水稻、玫瑰花、香水百合、茉莉花等，很有規律、整齊，緊鄰的草屯南埔農會也轉型規劃為農特產品展售中心及米食文化解說廣場，民眾來到這裡可以順道參觀稻穀碾成白米的過程。。進入園區，兩旁高大濃蔭的玉蘭花夾道歡迎，園內栽植許多玉蘭花、炮仗花、各...,,,1150901,1150930,(049)2564571,,542,10008,草屯鎮,南埔里青宅巷35之21號,,,https://www.senlon.com.tw/abouts.php?id=1,120.735897,23.978953,,https://ezgo.ardswc.gov.tw/_api/content/images/agrispots/29895/480x360_agrispots-image-zmpp79vkbkeqhlhpmokrsw.jpg
雲科生態休閒農場,,,雲科生態休閒農場。雲科農場以栽培新品種果樹、生產高品質水果為主，為配合地方發展休閒農業，農場提供民眾享受體驗田園情趣生活、拓展知性視野、擁抱農業風情的好地方。農場內栽種文旦、桑椹、茂谷柑、佛手柑、紅寶石葡萄柚美女紅柑及現採柳丁等，因產期不同，農場可依產期吃到甜美多汁，且口感風味不同的水果。。團體活動建議行程。&lt；費用請親自洽詢 &gt； (午餐、餐點方式可彈性調配)。09:00-10:00 動植物生態解說。10:00-10:15 甜點時間。10:15-11:30 DIY活動。1...,,,1150901,1150930,(05)5338447,(05)5371620,640,10009,斗六市,大學路二段273巷67號,,,https://www.winfarm.com,120.548424,23.697978,,https://ezgo.ardswc.gov.tw/_api/content/images/agrispots/25163/480x360_agrispots-image-xudz-lqpe0moaqiqn_ir_q.jpg
蕃婆林休閒農場,,,『蕃婆林休閒農場』是結合農耕、餐飲、農事體驗、生態導覽及創意DIY為主的休閒農場。。一個提供您「拈花惹草免門票、山鮮時蔬健康吃」的好地方。。農場之所以取名為「蕃婆林」？是因為清嘉慶年間，錫板村是平埔族聚落，男人常外出打獵，村落族人大都是婦女，因此衍生「番婆林」的地號由來。 雖然園長和園長太太都不是原住民，但是「番婆林」這個地號名稱實在是太響亮好記了，所以在2000年創園時，一致同意農場名稱就叫「蕃婆林」。。蕃婆林休閒農場以無毒地瓜和無毒蔬果栽種為主，園長將傳統的農村生活與現代的樂活休閒結合...,,,1150901,1150930,(02)26362716,,252,65000,三芝區,錫板里17鄰44號,,,https://fplfarm.web.fc2.com/,121.494370,25.237845,,https://ezgo.ardswc.gov.tw/_api/content/images/agrispots/2920/480x360_IMG_6838.jpg
士文自然休閒農場,,,我喜歡在鳥語花香中醒來， 我喜歡在徜徉在歷史古蹟中， 我喜歡沉浸vuvu 所說的神話傳奇中， 我喜歡這麼多元的你，士文。。士文自然休閒農場。士文自然休閒農場位於屏東縣春日鄉士文村，是一處充滿原始氣息的農場，碩大的農場面積，提供給遊客露營搭帳使用，每當清晨來臨時，鳥兒快樂的啼叫聲即會從樹梢傳來，像是揭開美好的序幕，讓在此露營的遊客，能從愉悅的心情中醒來，展開快樂的旅程。場區種植很多香楠樹、筆筒樹，其中一棵香楠樹樹齡已達100 多年，高大的樹身及濃密的樹蔭常吸引許多鳥類前來棲息，尤其在結果期，會...,,,1150901,1150930,(09),,942,10013,春日鄉,士文村士文路52-2號,,,https://goo.gl/hi7Lrr,120.651276,22.361328,,https://ezgo.ardswc.gov.tw/_api/content/images/agrispots/3275/480x360_d90f5493b01d462397d7cda33fe1cd2e.jpg
北關休閒農場(馥森·淨饍食養),,,山海邊界，找回內在的寧靜。北關，是蘭陽平原歷史的起點，也是山與海最壯麗的相遇。從北關海潮的澎湃到宜蘭頭城龜山朝日的神聖，這片土地承載了百年的歲月。北關農場隱身於此，將這份磅礴轉化為內在的寧靜，打造出一座沒有圍牆的自然教室，是您找尋頭城深度旅遊的最佳起點。。沉浸式原生態旅遊。今日的北關農場，已不僅是自然的觀察站，更是身心靈的充電站。我們引流純淨山泉，保育原生林相，為繁忙的現代人留存一方淨土。透過專業的宜蘭生態導覽與親子手作 DIY 活動，您可以深度與土地對話，感受生命律動。場內提供溫馨的頭城...,,,1150901,1150930,(03)97768630937796062,,261,10002,頭城鎮,更新路203-1號,,,https://www.peikuanfarm.com.tw/,121.868334,24.912128,餐飲,https://ezgo.ardswc.gov.tw/_api/content/images/agrispots/134/480x360_20151127135527.jpg
兆麗休閒農場(停業中),,,,,,1150901,1150930,(05)2590777,,602,10010,番路鄉,9號,,,,120.554545,23.453325,,https://ezgo.ardswc.gov.tw/_api/content/images/notfound/miss.jpg
山美休閒農場,,,,,,1150901,1150930,(05)2586653,,605,10010,阿里山鄉,山美村1鄰山美1-3號,,,,120.654495,23.406841,,https://ezgo.ardswc.gov.tw/_api/content/images/agrispots/1552/480x360_95409.jpg
桐德休閒農場,,,,,,1150901,1150930,(06)25311116103,,925,10013,新埤鄉,箕湖村10鄰進化路12-60號,,,,120.614551,22.448079,,https://ezgo.ardswc.gov.tw/_api/content/images/notfound/miss.jpg
陽榮休閒農場,,,本區農場生產百香果(並有其他四季水果和蔬菜等作物)，並有飼養可愛動物及仿小溪河流生態供遊客進行生態體驗。利用在地的農業特色，當地多種植稻米及四季蔬菜，本園區主要生產百香果、四季蔬菜，瓜果等可調理出各種不同口味來服務遊客。。當地以現採蔬食及使用在地食材簡少碳足跡為目前農場經營方式特色，並提供遊客體驗摸蜆及與可愛動物之生態體驗及觀賞周邊豐富景觀資源，如：田園自然景觀、現地旁有一口埤塘（崁腳埤）也可解說桃園在地農田灌溉特色，富有特殊生態及保存價值之文化資產。。主要體驗活動如下(需事先來電洽詢):...,,,1150901,1150930,(09),,337,68000,大園區,華興路二段2號,,,,121.198595,25.048184,,https://ezgo.ardswc.gov.tw/_api/content/images/agrispots/1637/480x360_陽榮休閒農場04(1).jpg
水鏡農莊休閒農場,,,簡介。1.位於南投縣的名間鄉新街村，屬河流自然濕地，濕地內有豐沛冷泉、湧泉及其所匯集的池塘，水質純淨清冽，有許多魚蝦貝等動物棲息，以種植空心菜著名。。2. 園區占地1.3公頃，利用天然湧泉的優勢，將乾淨的泉水引入園區，並種植許多原生種、特有種、水生、誘蝶誘鳥及坊間流傳下來的藥用植物，秉持著自然農法的理念，不噴灑農藥或使用除草劑，將最原始的生態面貌保留下來。。3.農場以有機無毒的自然培育，栽種30多種以上的野菜，能夠結合環境教育以及食農教育，讓學員了解餐桌上的蔬菜，從無到有的過程，以及吃到最...,,,1150901,1150930,(09),,551,10008,名間鄉,新街村客庄巷17-6號,,,,120.700261,23.876109,,https://ezgo.ardswc.gov.tw/_api/content/images/agrispots/6205/480x360_簡介照片-1(4).jpg
新社蓮園休閒農場,,,新社蓮園休閒農場。在新社蓮園的萫水湖畔旁有一間香草屋，屋主是一對認識10多年的戀人，在新社蓮園開業之初，因為缺乏人手，所以女主人每逢休假日一定會到蓮園幫忙；由於對花花草草的喜歡，因此女主人決定辭去護理工作全心投入蓮園；接著男主人也辭去電腦耗材業務工作加入蓮園行列。。新社蓮園因為萫水湖內種滿蓮花而聞名，所栽種的蓮花以大王蓮、香水蓮、觀音蓮、佛祖蓮、子母蓮、荷蓮為主。由於長久以來，在蓮爸爸和蓮媽媽的用心整理之下，悠然的田園景致、楊柳垂幕、蓮花綻放、波光粼粼，美不勝收。初夏池中蓮花盛開，迎風招展更...,,,1150901,1150930,(09),(04)25826595,426,66000,新社區,東興里東湖街一段39號,,,,120.819547,24.214072,,https://ezgo.ardswc.gov.tw/_api/content/images/agrispots/174/480x360_20151113164359.jpg
新光兆豐休閒農場,Shin Kong Chao Feng Ranch & Resort(新光兆豐休閒農場),,【新光兆豐休閒農場】位於鳳林鎮，距離花蓮市區30分鐘車程，為新光關係企業的一員，從一片河川石礫地到目前綠意蓬勃，可說是花東縱谷璀璨耀眼的一顆綠寶石。。在726公頃的土地上，已開闢出歐式花園、青青大草原、東南亞最豐富的鳥園、可愛動物區、乳牛區、四秀湖、放牧區等。。由於地勢平坦、面積遼闊、為騎乘單車的理想場地，另可租借電動車以及付費乘坐遊園的小火車。乳牛區飼養近4百頭荷蘭乳牛，所產鮮乳品質佳，供應統一瑞穗鮮乳乳源，製成的奶酪、冰淇淋、霜淇淋等，深受遊客喜愛。。除了坐擁如詩如畫的壯觀山水美景之外...,Shin Kong Chao Feng Ranch & Resort is located in Fenglin Township， Hualien， and occupies an area of 726 hectares that contains a Dutch-style village and rose garden， a hot spring and spa area， a water splashing area， a cute animal area， Sixiu Lake， and a special botanical garden. The level land and vast space make this farm perfect for relaxing and healthy bicycling.。Visitors can also rent electric cars or take the free train around the farm.。There are about 500 Holstein-Friesians in the dairy...,,1150901,1150930,(03)8772666,,975,10015,鳳林鎮,永福街20號,No.20， Yongfu St.,,https://www.skcf.com.tw/,121.463041,23.802004,,https://ezgo.ardswc.gov.tw/_api/content/images/agrispots/253/480x360_ksn5khag1k5k2grabppqvn6w4bu1xfps.jpg
豐田休閒農場,,,本場秉持讓遊客享受自然景觀、體驗農村生活的用心，規畫林間生態體驗區、林間鮮採花生體驗區、林間咖啡體驗區、林間綠竹筍體驗區，發展綠竹筍鮮採、生態解說導覽、野趣童玩DIY、賞林等活動，以展現休閒農業風采。。【如欲安排前往建議事先電話聯繫確認】,,,1150901,1150930,(09),,338,68000,蘆竹區,坑子里山林路三段332巷51弄22號,,,,121.324412,25.078311,,https://ezgo.ardswc.gov.tw/_api/content/images/agrispots/928/480x360_dc2e85c58f9f4cfcb0e2e626b2d09d46.jpg
薰衣草森林休閒農場（薰衣草森林台中新社園區）,,,新社薰衣草森林是夢想種子萌芽的發源地，園區植物種類繁多，還有遍布山丘搖曳的花田、曲徑深幽的林境，散步這裡，彷彿走在大自然為旅人策畫的無牆美感空間，讓人沉浸療癒環境，感受愜意放鬆氛圍，實現心目中美好生活的模樣。。	從自然中發現不設限的生活美學。。	沉浸療癒森林，藉由五感體驗親近土地。。	轉場城市與戶外之間，感受到「非日常」的美好。。	提供無障礙服務項目：無障礙坡道。體驗活動。&bull；森林遊園導覽(週一、二、四、五-14:00)。&bull；森林抽象畫DIY課程(週一、二限定)。...,,,1150901,1150930,(04)25931066,,426,66000,新社區,中興街20號,,,https://www.lavendercottage.com.tw/,120.841330,24.128493,,https://ezgo.ardswc.gov.tw/_api/content/images/agrispots/42590/480x360_agrispots-image-pvlvsxlcukifboujwt9dqw.jpg
陳家休閒農場,,,餐廳、果園及夏天的獨角仙是農場的三寶。餐廳提供客家美食及擂茶，園區是花草的伸展台，豐富的生態花卉是創造蝴蝶和獨角仙的家，農場果園擁有數十棵獨角仙最愛的光臘樹，六、七月數以千計的獨角仙、鍬形蟲等穿梭樹幹上，是最佳的生態教育場所。妝點餐廳的菜瓜布創意雕塑、竹製童玩、製作擂茶與客家麻糬，也都是老闆提供給遊客創意的DIY活動。。遊程/體驗介紹。擂茶與搗麻糬體驗。獨角仙生態導覽(僅於特定月份舉行，請先洽詢)。活動體驗詳情請電洽03-589-0034 /0937-811956。手作比薩體驗(照咖雅...,,,1150901,1150930,(03)5890034,,305,10004,新埔鎮,照門里九芎湖6鄰29號,,,,121.105449,24.862395,,https://ezgo.ardswc.gov.tw/_api/content/images/agrispots/3369/480x360_z9ee6m36ih7y70ht0ywjfnj5x16hbnay.JPG
清林園林休閒農場,,,山櫻、吉野櫻、私藏風信子都賞心悅目！,,,1150901,1150930,(03)9888394,,262,10002,礁溪鄉,礁溪鄉二龍村淇武蘭路111之8號,,,,121.786709,24.812778,,https://ezgo.ardswc.gov.tw/_api/content/images/agrispots/1408/480x360_5acc17bff1684bf1b0bfc429fc8c6ff8.jpg
傳奇教育休閒農場,,,傳奇教育休閒農場。鮮紅飽滿，香甜多汁，南洋風味的黑珍珠，亮麗修長的泰國蓮霧，獨特香氣的香水蓮霧，產期跨越寒冬到仲夏，甜蜜的滋味在嘴裡散開，給您前所未有的幸福感受。 。傳奇，是友善環境與永續經營。沿著南州火車站鐵軌走，走進傳奇教育農場，迎面而來蓮霧樹葉的綠，與草生栽培的綠，連結成眼前綠油油的一片，傳奇教育農場以友善環境方法，堅持草生栽培，農場的土地富含有機質，踩起來軟軟QQ 的，甚是舒服。。修枝可增加果樹樹體通風，減少病蟲害， 配合季節進行修枝，可使蓮霧生產品質與產量更好，然而，大量修剪下...,,,1150901,1150930,(09),,926,10013,南州鄉,溪南村人和路1 巷266 號,,,,120.511351,22.485229,,https://ezgo.ardswc.gov.tw/_api/content/images/agrispots/712/480x360_3197d64f678143eaa959f73a15e5c87a.jpg
水秀休閒農場,,,水秀休閒農場位於國姓糯米橋休閒農業區內，全區種有1500棵細葉南洋杉，想與家人朋友來場超有質感的歐風森林體驗嗎？水秀休閒農場絕對是你不可錯過的選擇。同時又可驅車前往國姓各景點參觀，享受北港溪河谷景致還有美味的客家料理。。高聳的南洋杉 。體驗活動,,,1150901,1150930,(09),,544,10008,國姓鄉,北港村長長北路61之3號(台21線24K又300公尺處，國姓鄉段),,,,120.895529,24.061356,,https://ezgo.ardswc.gov.tw/_api/content/images/agrispots/4200/480x360_高聳的南洋杉(1).jpg
葵海休閒農場,,,在匠師的故鄉-葵海休閒農場，體驗焢窯、體驗製作菜包粿、體驗製作芋頭酥，自己動手製作相關傳統手法，體驗製作手工藝品，例如葵海冰箱貼，葵海鑰匙圈等，完全融入鄉村風情體驗，四季都可觀賞的向日葵花海，民眾都可以自由觀賞，享受大自然最美麗的花海。。體驗活動。#鄉土焢窯:農場會準備食材(土窯雞腿、地瓜、蛋、香芋飯及加點選項，如:香腸、鹹豬肉、全雞等)，可在室內焢窯場地進行活動不怕日曬雨淋，大約進行1小時準備，期間農場指導老師會協助指導如何操作:撿木材、生火、清洗食物、下田挖泥巴封窯、體驗水溝洗腳等一系列...,,,1150901,1150930,(09),,437,66000,大甲區,西歧里如意路33巷50號,,,https://www.artisans.com.tw,120.617180,24.421519,,https://ezgo.ardswc.gov.tw/_api/content/images/agrispots/25080/480x360_agrispots-image-bne04roxyeqxj3isuvdppq.jpg
千巧谷牛樂園休閒農場,,,崙背鄉是全台第二大的專業酪農區，酪農戶50多戶，也是全台第一個設立乳牛專區的鄉鎮。千巧谷選用來自在地酪農區的新鮮牛乳，研發一系列的鮮乳製品伴手禮，如鮮奶蛋糕、鮮奶酪等等，崙背鄉亦存在不少詔安客家聚落，並發揮巧思將客家文化融入在產品及包裝上，強調品牌與在地的緊密性，並將它推廣至其他縣市與鄉鎮。。體驗活動。1.牛樂園園區導覽(平日開放預約，每時段維持每團10人以上)。2.餵牛吃草、餵魚，與動物近距離的體驗。3.親子活動沙堆、旅遊、休憩、聚會用餐、參訪。遊覽景點。欣昌金錦鯉魚園：於崙背鄉的...,,,1150901,1150930,(05)6969845,,637,10009,崙背鄉,東興182之32號,,,https://www.chanchauku.com/,120.367152,23.758908,,https://ezgo.ardswc.gov.tw/_api/content/images/agrispots/1788/480x360_vj628mbr1mexr30zthbsh9tm0yx15z8r.jpg
月桃香休閒農場,,,遊人們可以在這如童話般美麗夢幻昀橘紅色小屋中，。賞月觀星，孩童在青青草皮上嬉戲追逐，真是人生一大享受！。「月桃香綜合農場」原本是以農業生產為主，興建示範農宅之後，。由「水土保持局」提供經費規畫興建園區各項遊憩設施。本園區內有豐富的原生種林木，。十三公頃的原始林，二公里的森林步道，景觀瞭望台，可以眺望九九峰及秀麗的山茶湖，。晚上則可觀賞台中與南投的夜景。主人黃錫傑從事土木工程行業，。另有研發各項加工農產品（桑椹、洛神花、水果酒等）這裡的農特產品都歡迎免費試吃，。還有各項農產品DIY活...,,,1150901,1150930,(09),,541,10008,中寮鄉,內城村10鄰月桃巷81-1號,,,https://ezgo.ardswc.gov.tw/zh-TW/Front/Agri/Detail/2263,120.788391,23.954489,,https://ezgo.ardswc.gov.tw/_api/content/images/agrispots/1391/480x360_928136026736432b89c9d85e7f63605b.jpg
十份崠休閒農場,,,十份崠休閒農場。  。  下午雲霧攀越山稜線時，更有壯麗的雲海景色。這些純大自然的天氣變化，就足以讓旅人大開眼界了。。  。  。  十份崠休閒農場是一處放鬆心情的好地方，在這裡可以仰望大自然的雲海變化、翠綠山色的模樣，還有滿山滿谷的果園等旅人前來採收；除此之外，這裡也是五月雪油桐花的賞景地點之一，可說已經結合山林的所有美景。。  。  。  在十份崠休閒農場的前方，還有一座已被列為三級古蹟的十份崠涼亭，由於此處正好位於山路的交叉口，傳說中，於百年前有路過此處的商人，都會在此休憩...,,,1150901,1150930,(09),,366,10005,銅鑼鄉,新隆村20鄰219號,,,,120.840383,24.408144,,https://ezgo.ardswc.gov.tw/_api/content/images/agrispots/153/480x360_20160908175844.jpg
大山休閒農場,,,大山休閒農場。大山休閒農場是一個以乳牛為主的牧場，位於八卦山脈、空氣好、水質佳、不受污染；場主於此養牛20幾年，因為WTO開放農牧產品進口衝擊，於是慢慢轉型成休閒農場，並生產製造牛乳附加產品對外販售。由於牧場位於山中，所以這裡的的乳牛可是喝山泉水長大的呢！生產出來的牛奶，純淨無污染，帶有濃濃的奶香及微甜的滋味，而且牧場以自己生產的優質牛奶，研發生產許多附屬產品，像是添加4種活菌的鮮奶優格及口感較Q的鮮奶麻糬等等。。這裡的牧場主人除了免費導覽解說，還準備新鮮的牛奶給遊客品嚐外，每當假日下午3時...,,,1150901,1150930,(04)7869703,,503,10007,花壇鄉,灣東村灣福路60巷13弄13號,,,,120.587909,24.037679,,https://ezgo.ardswc.gov.tw/_api/content/images/agrispots/3125/480x360_413d2130392047eaa203f6dd3ead4bf3.jpg
沐雨鍾林生態心靈休閒農場,,,沐雨鍾林靜心民宿 /生態心靈休閒。故事～一荷、一來男女主人。實踐環保民宿、友善生態園區，砍伐檳榔園，孕育土地植樹30年，回歸自然、單純、自在、喜樂的生活。。主人夫婦親力親為，監造完成民宿、休閒農場，手繪綠建築空間藍圖，朝向生態（Ecology）、節能（Energy Saving）、減廢（Waste Reduction）、健康（Health）的環保理念努力。。男主人一來考取水電、木工證照，回收舊木料，銹鐵雕刻，將廢物再生利用。。女主人一荷手作染布、彩繪壁畫、室內裝潢、裝置藝術佈置，二人同...,,,1150901,1150930,(09),,920,10013,潮州鎮,潮義路465巷52號,,,,120.574726,22.542991,,https://ezgo.ardswc.gov.tw/_api/content/images/agrispots/309/480x360_ke8spsntpmd19a13u2q1agxz9fyxv10e.jpg
好樂農莊休閒農場,,,好樂農莊是以友善土地、食農教育為出發點，結合桌遊與烹飪等體驗活動，期望以寓教於樂的方式，讓更多的民眾認識食物從產地到餐桌的歷程。第二代經營者賴建宏與江嘉維夫妻，繼承創辦人賴朝才的理念，採用山中流金龍眼品系小果茶籽，生產冷壓純鮮榨苦茶油。。「苦茶油」是一種香醇味甘，氣味芳香的本產高級植物性油脂，華人食用苦茶油已經有超過兩千年的歷史，本草綱目、天工開物等古書皆有記載，坊間也流傳許多建胃強身、美髮護膚、坐月子等用途，加上近年消費者開始重視油品的食用安全，因此煎、煮、炒、炸、涼拌都合適的苦茶油逐漸在市...,,,1150901,1150930,(09),,423,66000,東勢區,慶福街77之3號,,,http://happyfarm.brightideas.com.tw/?fbclid=IwY2xjawIae3RleHRuA2FlbQIxMAABHdGv5PD2i0Lfd-Zn2i5NTI8ho3Gwhbztd9t6E1J7eyWEqjNsUDLsac_O7w_aem_fFkIsvAO6m67-JrLOHn8hA,120.841015,24.191967,,https://ezgo.ardswc.gov.tw/_api/content/images/agrispots/24973/480x360_agrispots-image-5ongzcs9ruceilxrqsqsha.jpg
日月滿休閒農場,,,日月滿休閒農場。來到平等，一定不能錯過日月滿休閒農場的紅蘿蔔，別人是炒菜不必放肉絲，這裡卻是煮湯不必放味精喔！除了紅蘿蔔外，農場內最吸引人的莫過於笑容可掬的蔡爺爺與可愛的蔡奶奶，他們倆真的是農場裡的春風，光是看著蔡爺爺驕傲的展示他自製用來嚇鳥的稻草人，聽著蔡奶奶以機關槍般的語調向你炫耀以「豆餅」為肥料的無農藥蔬菜，就是一種單純的幸福呢！。風景優美、視野遼闊的農場除了種植蔬菜、開放市民耕種實習外，還植有為數不少的柑桔，每年12月柑桔成熟時便開放市民入內享受採果的樂趣。想要沐浴在春風裡嗎？來這兒...,,,1150901,1150930,(02)28614116,,111,63000,士林區,平等里平菁街150號,,,,121.571584,25.121713,,https://ezgo.ardswc.gov.tw/_api/content/images/agrispots/25284/480x360_agrispots-image-pwnncyd1mew9acd5rzwwtw.jpg
老泉養生休閒農場,,,老泉養生休閒農場。農場的開放面積1.5218公頃，是目前臺北市規模最大的休閒農場，農場內設有生態池及維護自然生態的砌石護坡擋土牆，種植有各式的花卉樹木，為市民提供一處休閒旅遊的理想地點。。園區也提供健康養生餐點。園區也提供健康養生餐點提供兼具家庭溫馨與現代養生理念之創意料理，是一處可以靜思、歡聚、璞食，花木扶疏的現代美食桃花源，在此可體驗四季更迭之中靜靜地綻放美與真，園區內有日本造型景觀，旁邊還有一座人工小瀑布，坐在一樓即可聽到潺潺的流水聲。。坐餐廳的料理更用心選材，天然調味，配菜醬料都...,,,1150901,1150930,(02)29361230,,116,63000,文山區,老泉街26巷12號,,,,121.568136,24.970621,,https://ezgo.ardswc.gov.tw/_api/content/images/agrispots/89/480x360_20151120175034.jpg
金峰園藝休閒農場,,,簡介。卓蘭鎮是國內聖誕紅的主要產區，今年栽培的聖誕紅主要品種有金蟬草、果樹盆栽、冰火、天鵝絨、紅絲絨、望得福、檸檬雪和聖誕玫瑰等，各種尺寸都有，適合景觀造景、桌面觀賞以及家居擺飾，尤其聖誕節前後，只要幾盆聖誕紅增美，整個年節的喜慶氛圍就會跟著變濃，帶來快樂好心情。金峰園藝老闆徐文貴表示，聖誕紅以5至7吋的中型盆栽最受歡迎，其次為3吋的桌上型小盆栽，另外，去年業者引進的新品種「冰火」，也很熱銷，這種聖誕紅的葉體表面帶有一些白斑，乍看彷彿結冰一般，配著聖誕紅原有的鮮紅色澤，展現出冰火交融的特殊美感...,,,1150901,1150930,(09),,369,10005,卓蘭鎮,西坪里43號,,,,120.825487,24.311304,,https://ezgo.ardswc.gov.tw/_api/content/images/agrispots/7128/480x360_222(22).jpg
湖櫻養生休閒農場,,,簡介。位於西湖鄉金獅村杜石地的湖櫻養生休閒農場佔地約5千平方公尺，場內種植約100棵的八重櫻與吉野櫻，花木扶疏環境清幽，彷彿一座隱密的世外桃源，場內並設置4個網室，以有機無毒的方式栽種各種水果、香草植物等等，還有3座涼亭可供休憩，所有設施的安排皆以養生為主，還可以在此做竹筒飯與竹筒烤肉，體驗無具野炊的樂趣。除此之外，主人金先生是一個氣功老師，可提供豐富的養生資訊及氣功教學，讓訪客來此釋放壓力，達到身心平衡的最高訴求。,,,1150901,1150930,(09),,368,10005,西湖鄉,金獅村8鄰杜石地10號,,,,120.781291,24.55636,,https://ezgo.ardswc.gov.tw/_api/content/images/agrispots/1592/480x360_110317湖櫻休閒養生農場_210427_0(1).jpg
準休閒農場,,,準園生態莊園為新北市五股區唯一合法的休閒農場，交通便利，位於五股交流道旁，園區擁有大台北地區難得之萬坪綠地景觀、花架步道、多樣性的蘭花區、流水景觀設施、精密溫室香藥草、觀賞植物等，內涵豐富，除一般綠美化，尚有數百種藥草、香草植物為景觀教育內涵，適合全家大小來一趟輕鬆學習之旅。。園內有北台灣最大螢火蟲復育基地、溫室蝴蝶園、植物故事屋，生態全年可見，4月到5月有賞螢活動，還提供有配合學校課程結合領域教學、專業教師生態體驗綠色遊學的戶外教學及結合藥、香、水草，提供健康美食的螢光餐廳，和大型的會議場地...,,,1150901,1150930,(02)22922466,(02)22922483,248,65000,五股區,新五路二段70號,,,https://www.wugu-farm.com.tw,121.437308,25.073416,體驗,https://ezgo.ardswc.gov.tw/_api/content/images/agrispots/25307/480x360_agrispots-image-owbqwolkvkqyrvmxakrtrg.jpg
樺音山莊休閒農場,,,華音山莊農場位於復興區三民里海拔高度550公尺的山上。。在過去只是一個單純的生產型農場，在106年開始投入偏鄉小學的食農教育，。因此也開始帶動農場的轉型，目前除了竹筍產季5-9月以外，其他時間都會接受預約團客開放農場，帶領民眾體驗腳踏實地的農夫生活。。主力農產綠竹筍及所有季節農產皆以友善環境的耕作農法，無農藥無化肥的管理技巧，希望帶給消費者安全無虞的食材，肉雞與蛋雞除了平面養殖也放牧管理。雞肉及雞蛋的品質值得您嘗試一次！。遊程/體驗介紹。客製化辦理校外教學/公司團體自強活動/親子旅遊/...,,,1150901,1150930,(09),,336,68000,復興區,三民里基國派路162巷230號,,,,121.341548,24.833305,,https://ezgo.ardswc.gov.tw/_api/content/images/agrispots/1602/480x360_qyfxjwk9mmnebpefjp1g4dy82ie9nyxw.jpg
築夢山城休閒農場(尖石築夢山城),,,昆蟲 植物 花卉。體驗活動。提供體驗農村生活。遊覽景點。鄰近之遊憩資源有內灣風景區、馬胎古道. 尖石岩，北角吊橋、錦屏美人湯、天然谷。伴手禮與農特產。尖石著名的富有甜柿,,,1150901,1150930,(09),,313,10004,尖石鄉,義興村9鄰馬胎168號,,,,121.176946,24.671959,,https://ezgo.ardswc.gov.tw/_api/content/images/agrispots/1893/480x360_5s7pis7ha1kk7d0rhxuz4p6a08k1zs90.jpg
農友種苗休閒農場,,,農友種苗公司（KNOWN-YOU SEED CO.， LTD）成立於1968年，秉持「一粒種子、一個責任」的核心價值，在種苗產業深耕逾半世紀。。創業宗旨與核心價值。農友種苗以促進園藝事業發展為使命，致力於提升農業、繁榮農村、綠化大地、造福人群。「一粒種子、一個責任」的核心價值，蘊含著公司對客戶、消費者及環境的承諾。自創立以來，公司持續在增進農民收益、繁榮農村，以及培育有益人類健康與環境友善的品種等面向實踐永續理念。。研發技術與產品線。農友種苗致力於研究種苗新技術、生產優良種苗，並研發出創...,,,1150901,1150930,(07)6519668,,840,64000,大樹區,竹寮路114-6號,,,https://www.knownyou.com/tw/,120.425949,22.661066,,https://ezgo.ardswc.gov.tw/_api/content/images/agrispots/34936/480x360_agrispots-image-i41v4ehlskiuok4cj8-aig.jpg
文山休閒農場,,,【文山休閒農場】。滿山大自然生態的文山休閒農場，非常適合全家大小或學生團體前來體驗。在這裡沒有教課書的壓力，任何朋友都可以在快樂且輕鬆的氣氛下，學習到大自然生態的重要知識。。無論大朋友或小朋友，一定都會喜歡這項焢土窯活動，不過在一切講究古早味的文山休閒農場裡，旅人得學習從無到有的精神，無論是堆土、劈材、升火等都是旅人得學習的重要知識。而每當遇上荔枝、龍眼的採收時期，還可以享受採果樂趣。。『文山休閒農場』位於臺中市大里區，在開發初期（約60年代）以林木為主，並種植農作物：木薯、鳳梨、荔枝、龍...,,,1150901,1150930,(04)24937679,,412,66000,大里區,健東路123號,,,http://www.wfarm.com.tw/?fbclid=IwY2xjawIbrw1leHRuA2FlbQIxMAABHeHgXuqwKPFGDj873qYXNKYIS8kXR50yMmmJNFz5SQW6EGvd0u-5VvjDRA_aem_JLyQA_gkP4V6I_ViaRZGig,120.724347,24.084441,,https://ezgo.ardswc.gov.tw/_api/content/images/agrispots/177/480x360_3r30idusht3tk0bbz05pevcde1n9evbn.jpg
牧蜂休閒農場,,,牧蜂農莊，位於環境清幽的三芝區芝柏山莊內，三面環山，佔地近三公頃。成立至今已有十餘年時間，農莊主人簡德源堅持用生態解說的方式把養蜂的過程公開化，並教導民眾如何分辨真假蜜，並自產自銷提供蜂蜜相關餐飲、伴手禮服務，且採免費入場制，是北海岸地區最具知名度的旅遊景點之一。。〈蜜蜂教學〉。園區裡設有戶外養殖區等設施，農莊主人熱情的為遊客解說蜜蜂的習性，教導如何分辨真假蜂蜜，並宣導該如何選購優質安心的蜂產品。。〈時令蔬果〉。農莊佔地近三公頃，設有大片林園、農田、生態池等。園裡種有香蕉、柚子、稻米以及...,,,1150901,1150930,(02)26363742,,252,65000,三芝區,茂長里9鄰74號,,,https://www.move-bee.com,121.510840,25.259339,,https://ezgo.ardswc.gov.tw/_api/content/images/agrispots/6262/480x360_fivae80r3er830ifx51gfj2r6wz455mz.jpg
中原世紀休閒農場,,,與大自然喜相逢。就在這大武山腳下，煦煦陽光伴著清爽微風撫過一片片田地，吹進了中原世紀休閒農場，小小羊兒們正在草地上活繃亂跳等待客人與牠們的餵食樂，這裡的一切樸實自然，而濃濃的人情味更讓人忘卻不了。。起初，老闆秉持著「羊奶可以救人」的理念，開始了養羊的漫漫旅程，而李爸爸有感於牧場是可以提供一個寓教於樂的場所，使得李爸爸毅然決然從養羊酪農戶轉型成一個可以提供社會大眾和親子活動的好去處。。走進農場只見遊客左手奶瓶、右手牧草，就能擄獲羊兒們的歡心。小羊在圍籬邊等著訪客餵食，有的撒嬌發出咩咩聲，羊兒...,,,1150901,1150930,(08)7789517,,913,10013,萬丹鄉,竹林村竹圍街160巷59號,,,,120.510015,22.610850,,https://ezgo.ardswc.gov.tw/_api/content/images/agrispots/4305/480x360_80426095_2837638762923973_1583381758580097024_n(1).jpg
藍鵲休閒農場,,,藍鵲莊園的主人，原本就喜歡蒔花、植樹，一直以來，將「私我」的認真，注入到莊園的經營。一天，透過好友的肯定，「共享美，何嘗不可？」而逐漸從原本自然的原，促成環境的緣，以及來客與家人間相乘的同心圓。因為明白有「人」的美好，莊園的色彩變得更鮮明，而每個人裡面透明的情感，透過親朋、好友、家庭被觸動，讓人變得更幸福、完整；而莊園的價值，也因為人的存在變得更美，因此莊園主人歡迎更多人來同享這份喜悅，藍鵲渡假莊園也歡迎，敞開溫暖的雙臂，在這裡等您。。【如欲安排前往建議事先電話聯繫確認】,,,1150901,1150930,(04)25676338,,357,10005,通霄鎮,南和里113-7號,,,https://bmr.bluemagpie.com.tw/,120.721663,24.446608,,https://ezgo.ardswc.gov.tw/_api/content/images/agrispots/1590/480x360_20200619-04.jpg
阿里山咖啡休閒農場(鄒築園咖啡),,,,,,1150901,1150930,(05)2561118,,605,10010,阿里山鄉,鄒築園咖啡,,,,120.713440,23.467946,,https://ezgo.ardswc.gov.tw/_api/content/images/notfound/miss.jpg
福爾摩莎可可休閒農場,,,以「一杯可可，小憩片刻」為核心理念，隱身在大武山下致力於台灣可可的栽植與研究，期許能將台灣可可推向世界。園區由多棟清水模建築組成，風格簡約且富有設計感，具有藝廊或咖啡廳的質感，且園區設計考慮到嬰兒車與輪椅通行，屬於親子友善的空間。。四大特色展館。&bull； 多功能展區。展示巧克力從採收、發酵、烘烤到變形的 9 大製程。此區也提供導覽教學、社區會議及講座使用，並設有 VIP 室與實驗設備。&bull； 可可實驗室。充滿前衛的科技感，設有 24 小時研磨的調溫器，遊客可以透過透明玻璃觀察...,,,1150901,1150930,(08)7709138,,912,10013,內埔鄉,東勢村38鄰大同路三段榮和巷80號,,,https://www.cacaofarm.com.tw/,120.576813,22.650532,,https://ezgo.ardswc.gov.tw/_api/content/images/agrispots/1667/480x360_6s986sgze1ssepfqagfewmgvnnhcn6k9.jpg
雙溪平林休閒農場,,,「來我們的農場七逃喔！」雙溪平林休閒農場位於新北市雙溪區，地處台灣東北角，鄰近平溪、福隆與九份等知名景點。每位遊客在農場內透過體驗活動與近距離觀察，可以了解農村之美與自然之美，進而培養愛物惜福與珍愛地球的觀念。農場主人堅持園區中不使用殺蟲劑與除草劑，讓自然萬物在園區中不受任何干擾，自在的生活著。。於是人們來到平林休閒農場可以馬上聞到與都市大不相同的新鮮空氣，帶著植物花草的清香，隨處可見美麗的蝴蝶翩翩飛舞，在某個不起眼的牆角，可能就會遇到張著大眼睛的青蛙跟你說哈囉!在這樣環境中，人們很快可以跟大...,,,1150901,1150930,(02)24934016,(02)24933833,227,65000,雙溪區,平林里外平林35號,,,,121.841379,25.034437,餐飲,https://ezgo.ardswc.gov.tw/_api/content/images/agrispots/2911/480x360_h9evrtydqgp8m0m74ngd0h94imw262ci.jpg
慈心大自然休閒農場,,,,,,1150901,1150930,(05)5828201,,646,10009,古坑鄉,麻園村東耕22號,,,,120.535523,23.640622,,https://ezgo.ardswc.gov.tw/_api/content/images/notfound/miss.jpg
日月山景休閒農場,,,日月山景休閒農場。農場位於八卦山最高處的銀行山上，如果要描述日月山景生態教育休閒農場，「日月山景賞彩霞，月夜天星伴燈海」是最恰當的寫照。民國58年左右，政府推廣銀行山酪農專業區，當時許多居民紛紛加入養乳牛的行列，全盛時期有50多家的乳牛場，隨著時間的更迭，目前銀行山只剩5家經營乳牛場。為了將自家乳製品找尋通路，於是日月山景休閒農場主人便將乳牛牧場轉型生態教育休閒農場。。農場裡結合了教育、休閒、娛樂與賞景，在這裡可以親自體驗餵乳牛喝ㄋㄟㄋㄟ或吃草，觀賞乳牛的生態，園區裡也設有烤肉與露營區，或是...,,,1150901,1150930,(04)7370949,,500,10007,彰化市,石牌里水月台路218號,,,,120.587002,24.056196,,https://ezgo.ardswc.gov.tw/_api/content/images/agrispots/3122/480x360_2481f85113e4407e92594a65eb9ee8ea.jpg
角宿休閒農場,,,在地生態物種有螢火蟲、蝴蝶、蛙類、鳥類、景觀植物等，農產品有燕巢三寶（芭樂、蜜棗、西施柚）、臨近農地亦種有西瓜、香瓜、一品南瓜、火鶴等。。本農場以經營休閒體驗農業及農產品展示推展為主，觀光果園為輔，以最天然最健康有機蔬果，供一般民眾購買，民眾不但可以在農場內，以最實在的價格，買到好的農產品，也可以讓親子體驗農村生活，本農場經營以讓民眾進行休閒體驗農業、觀光果園、露營、烤肉、體驗大自然、休憩為主體，並結合鄰近觀光資源兼具腳踏車運動休閒等。同時與市內國中小學、幼稚園合作，提供農業體驗教學計劃，將農...,,,1150901,1150930,(09),,824,64000,燕巢區,義大路65號(南角宿段222地號),,,,120.366855,22.765693,,https://ezgo.ardswc.gov.tw/_api/content/images/agrispots/693/480x360_20200410-07.jpg
竹湖山居自然生態休閒農場,,,竹湖山居自然生態休閒農場。竹湖雖然是位於偏遠山區，卻是賞鳥人士的天堂，短短的幾分鐘停留，透過望遠鏡便可以瞧見台灣藍鵲優雅地停在樹枝頭，然後主人賴大哥又趕緊調轉望遠鏡的位置，大冠鳩也入鏡了。接著，他又要大家靜下來聽聽一連串悅耳的啼叫，原來是朱鸝正在開心的歡唱，其中間雜有另一個合音，哈哈！莫氏樹蛙也來湊熱鬧。。竹湖山居擁有好幾公頃的有機農園，種有水蜜桃、甜桃、釋枷、茂谷柑、鳳梨等幾十種水果，因此賴大哥每天都需要照顧不同的園子，一整年都忙不完！因為是有機耕種，蟲、鳥、獸可以自由取食它們需要的果實，...,,,1150901,1150930,(089)832383,,962,10014,長濱鄉,台東縣竹湖村移民路1鄰41號,,,https://www.juhu.com.tw/,121.419611,23.302729,,https://ezgo.ardswc.gov.tw/_api/content/images/agrispots/256/480x360_20151113151153.jpg
好農丘休閒農場,,,俗稱『沙漠的紅寶石』紅龍果，結實累累的生長在好農丘的火龍果園中，體驗最道地的新鮮味道，好農丘農場有提供宅配服務，可以將新鮮好吃的火龍果送到你家，讓你親自品嚐果農細心照料下，最美味的好味道！。另外，好農丘也自己栽培咖啡樹，自己生產的咖啡，香濃而餘韻長存。好農丘農場無法用文字形容，親自來過才知道，好農丘等你們，歡迎你們到來。伴手禮：農家拿手自製豆腐乳及美食、自產咖啡、用在地水果製作，絕對僅於此地才有，相逢自是有緣，人生難得的機會，來東勢裝滿所有美好回憶，記得帶回伴手禮分享親朋好友，支持農人背後...,,,1150901,1150930,(04)25878407,,423,66000,東勢區,中嵙里東崎路三段688巷118號,,,,120.857104,24.271217,,https://ezgo.ardswc.gov.tw/_api/content/images/agrispots/31202/480x360_agrispots-image-i30kgcq6ckksvj7g3ltv2a.jpeg
古早雞休閒農場(古早雞傳統米食),,,「古早雞休閒農場」位於彰化縣芬園鄉最初從養雞場起家，轉型為休閒農場後增闢生態教育園區和果園，並開始經營田媽媽品牌。。農場充滿濃濃復古風，自家果園以荔枝產量最多，除了鮮嚐外還融入菜餚中，餐廳以農場自產自銷方式推出古早雞風味餐，並結合荔枝創造出各式佳餚，包含鳳荔鮮魚、荔枝雞湯、荔枝九層塔煎蛋、荔枝香腸等荔枝鹼粽等荔味佳餚。。風味餐中串連兩大特產的「荔枝雞湯」，以農場飼養半年重兩斤半的小土雞加入整顆荔枝、破樹子、薑母，一起熬煮出馥郁香氣，而原本容易上火的荔枝，經過熬煮之後褪去熱性，轉為涼補勝品，加...,,,1150901,1150930,(049)2522215,(049)2528413,502,10007,芬園鄉,彰南路五段451巷36號,,,,120.620892,24.036646,,https://ezgo.ardswc.gov.tw/_api/content/images/agrispots/43996/480x360_agrispots-image-ewonfnazqk2ly0vcenyglg.jpg
花自在休閒農場,,,【簡介】。繽紛花卉 自在花園。曾是日本戰備機場留下的山丘平台遺址，現在則為幽境離塵的著名休閒地區─苗栗卓蘭壢西坪，爬上山丘，環繞小徑前行，轉幾個彎即到具有深度禪學氣味的花草庭園『花自在食宿館』。。寬廣園區寧靜素雅，淳厚的原木VILLA建築週邊，遍植繽紛花卉草木，每一角落與細節處，展露出質趣兼具合緩氣氛。。『花自在』充滿各式花草樹木的花自在園區，坐下來即可感受融合自然與禪學的氣味，悠然自得忘卻山下忙碌時間的催促，尋得難得緩慢生活的快樂與悠閒。。寧靜雅致室內餐區。挑高的室內餐區呈現無隔間...,,,1150901,1150930,(04)25895832,(04)25893775,369,10005,卓蘭鎮,西坪里4鄰37-2號,,,,120.888072,24.378871,,https://ezgo.ardswc.gov.tw/_api/content/images/agrispots/745/480x360_111(21).jpg
平溪松苑休閒農場,,,,,,1150901,1150930,,,226,65000,平溪區,靜安路三段66號,,,,121.764706,25.032460,,https://ezgo.ardswc.gov.tw/_api/content/images/notfound/miss.jpg
金崙休閒農場,,,金崙休閒農場是以「食農教育」，強調親手做的體驗教育，目前園區生產樹葡萄、芒果、燈籠果、香檬、紅藜、洛神花、香草植物...等等，提供採果或是香草認識與採集，做深一步的活動與加工。亦提供小規模露營以及香草浴，進而體驗農場生活的步調和模式。,,,1150901,1150930,(09),,963,10014,太麻里鄉,金崙村溫泉28號,,,,120.951812,22.531485,,https://ezgo.ardswc.gov.tw/_api/content/images/agrispots/1917/480x360_y01k6gcps8hum7cx1e3tqvx5iqz900n4.png
愛蓮莊休閒農場(整修中暫不對外開放),,,本農場位於員林市大饒里南區公園南側，總面積約0.58公頃，園區內規劃了在地農業生態環境及種植多項彰化本地經濟花卉、農特產品讓遊客了解植物生長的過程，並可以體驗親手施作。。農場目前已有綠化環境及農作物種植區，其他設施區域尚在籌備中暫不對外開放（例：農業經營體驗區等...），敬請期待。,,,1150901,1150930,,,510,10007,員林市,大饒路803巷385號,,,,120.583797,23.931757,,https://ezgo.ardswc.gov.tw/_api/content/images/notfound/miss.jpg
嶺海山林休閒農場,,,嶺海山林休閒農場。[天空之城數碼之遙]。新竹尖石海拔1200煤礦之源，八五山稜上聳立一座發光寶盒，玻璃帷幕原木色系內在空間，北德拉曼山李棟山群山環繞，置身其間悠然蒼翠盡收眼底，天空之城方彿就在數碼之遙&hellip；,,,1150901,1150930,(03)5842888,,313,10004,尖石鄉,新樂村煤源10鄰145-1號,,,https://www.d-sky.com.tw/,121.263421,24.706798,,https://ezgo.ardswc.gov.tw/_api/content/images/agrispots/144/480x360_20151120175141.jpg
八分田休閒農場,,,,,,1150901,1150930,(09),,266,10002,三星鄉,楓林一路227號,,,,121.659855,24.684135,,https://ezgo.ardswc.gov.tw/_api/content/images/agrispots/1750/480x360_181144808_1759948187518767_4624402472700634053_n.jpg
溫馨休閒農場(溫馨農場),,,提供餐飲(客家美食、咖啡)、採果服務。（照片來源：MIKA出走美食日誌部落格）,,,1150901,1150930,(037)871551,,367,10005,三義鄉,雙潭村16鄰崩山下38之10號,,,,120.817416,24.387370,,https://ezgo.ardswc.gov.tw/_api/content/images/agrispots/1535/480x360_3e7ba829b6c3494bbe41bfe1d18890f5.jpg
仁愛休閒農場,,,仁愛休閒農場。林內鄉位於雲林縣東北端，有好山好水，是一個小而美的地方，由於土壤多樣化，且以濁水溪灌溉，雨量充沛，極適合農業發展，農產作物繁多，主要以果樹、蔬菜為主。以種植多樣化果樹的仁愛休閒農場，位於雲林縣林內鄉林北村內，農場主人賴宗賢原本開設絨織廠，因道路拓寬廠區遭徵收，因而結束絨織廠的經營，當起全職的農民。。在林內鄉土生土長的賴宗賢，除了經營工廠的歲月之外，對於農業仍有著濃厚的情感，誠如農場主人說的，接觸土地看著自己用心耕作的果樹，從栽種到結果至送到消費者手中，其間的成就感不只是耕耘的收...,,,1150901,1150930,(09),,643,10009,林內鄉,林中村仁愛路55之3號,,,,120.607234,23.769587,,https://ezgo.ardswc.gov.tw/_api/content/images/agrispots/25166/480x360_agrispots-image-ahibi6ry7keej-djcm_6nw.jpg
麗野莊園休閒農場,,,是以農村體驗活動為主的休閒農場，位於宜蘭交流道旁，有稻子、農村雞鴨鵝、農村人文活動，如插秧、割稻、米食製作、焢窯童趣等，園區採預約式總量管制門票，可全額折抵活動費用，活動安排為半日遊、一日遊、三天兩夜夏令營等等活動，歡迎您的光臨。。以前在蘭陽平原錯落著三合院，邊邊圍著竹圍，農家們在這種著稻子，養養鴨過著農家生活，所以宜蘭的米和鴨子都很有名氣，尤其是鴨賞成了宜蘭名產。。宜蘭麗野莊園休閒農場是以蘭陽平原兩大元素做為主題，以前是每戶農家都離不開鴨子這個元素，現在牠漸漸少了，人們也對牠生疏了！除了鴨...,,,1150901,1150930,(09),,260,10002,宜蘭市,黎明一路88號,,,,121.780252,24.741872,,https://ezgo.ardswc.gov.tw/_api/content/images/agrispots/29691/480x360_agrispots-image-zah2qmrqtum75az6hiuy3w.jpg
竹峰茗茶休閒農場,,,地處桃園蘆竹，座落於林口近郊的台地紅土邊坡上。歷經四代傳承的百年茶園，秉持著順天敬地的精神，種植生產茶葉。近年來以古法創新研發自家特色茶品如梔子花烏龍茶、相思炭焙茶及蜜香紅茶。在產製銷方面，分別榮獲產銷履歷達人、五星級製茶廠與亮點茶莊等獎項。。遊程/體驗介紹。園區內所有體驗活動均須事前來電預約。 茶園/生態導覽：茶園及坑子溪環境生態解說(每人200元/60mins/10人起)。 感官品茶體驗：各式在地特色茶品感官體驗(每人200元/30mins/10人起)。 手作擂茶體驗：農家傳...,,,1150901,1150930,(03)3241888,,338,68000,蘆竹區,坑子里12鄰貓尾崎1號,,,https://ezgo.ardswc.gov.tw/zh-TW/Front/Agri/Detail/2936,121.346805,25.082460,,https://ezgo.ardswc.gov.tw/_api/content/images/agrispots/25049/480x360_agrispots-image-mgkrr1fvpk23rgquu3fs5q.jpg
銘珠園休閒農場,,,,,,1150901,1150930,(04)24370321,,406,66000,北屯區,軍功路二段633號,,,,0,0,,https://ezgo.ardswc.gov.tw/_api/content/images/agrispots/40442/480x360_7fe8d081291546cb9bdfe0677e8a0adc.jpeg
金椿休閒農場(金椿茶油工坊),,,金椿茶油工坊成立至今已40餘年，為台灣最專業生產茶油工廠，以產、製、銷整合經營模式，供應原物料、OEM、ODM及自我品牌的建立。。農場以自然農法管理經營、現代化食品級設備及嚴謹的加工流程、產品安全檢測，從產地、生產、加工、行銷一條龍經營模式。四十幾年來秉持~天然、健康、安全、無毒、環保、有機為經營指標，將茶油取其鮮、甘、純之原有自然風味為頂級精純綠色保健食用油。。2020榮獲歐洲無添加協會二星獎。2019榮獲農委會舉辦【台灣魅力】十大魅力商品獎。2018榮獲第31屆全國十大神農獎。體驗...,,,1150901,1150930,(037)831195,,350,10005,竹南鎮,永和村三鄰石馬店18-3號,,,,120.928402,24.640535,,https://ezgo.ardswc.gov.tw/_api/content/images/agrispots/25562/480x360_agrispots-image-ekskolo7a0ehjuwytbpc4q.jpg
楊桃園休閒農場,,,楊桃園休閒農場。廖昌塗楊桃園休閒農場成立於1976年，位於彰化縣花壇鄉。主要是希望大家在這緊湊的生活環境中，都可以享受田園之旅的樂趣，藉著親自體驗摘採、現場講解互動的方式，讓大家可以更加清楚『廖昌塗楊桃園休閒農場』有別於一般的風味。園內還有許多不同種類的水果，依照季節的不同而有所改變，例如：楊桃、草莓、小番茄、龍眼、溫室美濃瓜皆是自產自銷。團體來源內更可提供戶外教學，現場專人解說了解園區內不同的戶外環境。。最初楊桃園可說是彰化八卦山脈裡第一家土雞城，採用自家食材，放山雞、山豬及山產野味，以及...,,,1150901,1150930,(04)7860758,,503,10007,花壇鄉,灣東村灣福路221巷5號,,,,120.579227,24.046427,,https://ezgo.ardswc.gov.tw/_api/content/images/agrispots/25540/480x360_agrispots-image-brpd9qlaweq61psrdvgmpw.jpg
艾米達精靈谷休閒農場,,,艾米達精靈谷茶樹莊園位於屏東縣新埤鄉，剛好在去墾丁替代道路上，園區內種植了許多澳洲茶樹，並有產出茶樹相關農產品如：茶樹精油、茶樹純露、茶樹潔淨皂、茶樹蚊香等，除了園區茶樹生態，還結合歐式庭園景觀及戶外藝術品展示供遊客體驗及拍照，園區也有小動物區，目前有兔子、天竺鼠可讓遊客體驗餵食。。體驗活動。茶樹防蚊液DIY製作、特色服裝道具拍照體驗、茶樹景觀生態遊覽。伴手禮與農特產。茶樹精油、茶樹潔淨皂、茶樹純露、茶樹艾草天然蚊香,,,1150901,1150930,(08)7982340,,925,10013,新埤鄉,箕湖村民眾路2-77號,,,,120.595475,22.468996,,https://ezgo.ardswc.gov.tw/_api/content/images/agrispots/25053/480x360_agrispots-image-86t8sq-t6kst4e8w0bbkbq.jpg
桃蘆坑休閒農場,,,位處坑子溪上游支流谷地，不僅面積廣大，也維持良好的生態環境，溪水清澈可以看見許多的魚蝦，小溪旁也提供民眾摸蜆、釣魚蝦、戲水等。園區也有小動物區，包括雞、鴨、鵝、羊及小兔子，讓民眾與動物近距離接觸。。本場以經營友善蔬果為主，對自然環境無任何破壞，有助於發展生態保育維護與自然教育。結合自然生態、農業生產、休閒生活為經營理念，提供多功能之休閒農場。。特色餐廳所使用的食材皆為自產無毒、當季新鮮蔬果，包括無用藥水產、放山雞等，農場主人提供新鮮及健康的食材，餐點包括單點、經濟合菜、精緻合菜、婚宴桌菜、咖...,,,1150901,1150930,(03)3242610,,338,68000,蘆竹區,山林路三段855-1號,,,,121.332300,25.078933,,https://ezgo.ardswc.gov.tw/_api/content/images/agrispots/1300/480x360_20200325-22(2).jpg
老官道休閒農場,,,老官道休閒農場。農場內除了一望無際的綠色草原之外，更建有高雅的原木餐桌區及泡茶小屋，讓每位旅人都可以在舒適的環境中，體驗野地露營的樂趣。而愛乾淨的露營者，還能隨時享用乾淨的淋浴設備及全天候的熱水，提供旅人清爽的露營生活。。老官道休閒農場最適合進行單車活動，尤其是輕量級的老官道自行車道，最適合全家大小同遊。另外，每年5～6月桃李季時期，更有甜美的桃李香、陣陣撲鼻而來，不過這些可都是果農辛苦栽種的成果，也想品嚐水果香的旅人，可以向當地的果農購得，切勿自行採收果實。。緊鄰在旁的鯉魚潭水庫，可說是...,,,1150901,1150930,(09),,364,10005,大湖鄉,新開村5鄰12-1號,,,,120.832014,24.347409,,https://ezgo.ardswc.gov.tw/_api/content/images/agrispots/155/480x360_20151124175238.jpg
大武山休閒農場,,,大武山休閒農場。宜靜宜動的悠閒環境， 彷彿能與自然連為一體， 充滿原民風味的人文俯拾皆是， 處處都是感動和驚喜&hellip；&hellip；。本農場地理環境，是個得天獨厚的好地方，這裡可賞析閃爍瑰麗的高屏夜景，觀看七彩繽紛的夕陽、金光四射的大武山日出，春天賞野花採野菜，夏天看颱風賞瀑布群，秋天看流星雨賞最明亮的中秋月，冬天看雲海，享受相思烤肉大餐、經典原住民風味餐以及溫暖豐富的感動火鍋。。農場聖山文化氣息濃厚。大武山為排灣族及魯凱族的聖山，因此為了紀念和尊敬之故，特此命名為大武山休閒農...,,,1150901,1150930,(08)7920332,,921,10013,泰武鄉,武潭村老潭巷40號,,,,120.651265,22.572646,,https://ezgo.ardswc.gov.tw/_api/content/images/agrispots/25241/480x360_agrispots-image-zruxp3yrl02onz1y3zxeug.jpg
微笑灣休閒農場,,,,,,1150901,1150930,(09),,261,10002,頭城鎮,仙公路180巷50號,,,,121.825633,24.878144,,https://ezgo.ardswc.gov.tw/_api/content/images/agrispots/1561/480x360_20200330.jpg
頂埔休閒農場,,,鄰近頂埔捷運站10分鐘步程的夢幻桃花源，為讓孩子能隨時親近大自然，體驗食農教育而生的親子農場。。場內種有柑橘、南瓜田、香蕉、百香果及蓮霧等作物，屬於大暖尖山山麓的一部分，亦可搭配親山步道導覽，歡迎大家光臨,,,1150901,1150930,(09),,236,65000,土城區,中央路四段67巷(大暖坑8-1號)進大暖坑福德祠,,,,0,0,,https://ezgo.ardswc.gov.tw/_api/content/images/agrispots/41762/480x360_9965cb9820d74120a5141091ccc51156.jpg
尖石薰衣草森林休閒農場,,,尖石薰衣草森林擁有群山環繞油羅溪的美景，佇立於雲深縹緲中，遠眺雪山山脈與潺潺油羅溪，彷彿走入輕新脫俗的美麗之境。在這裡可以享受大自然懷抱，忘卻都市煩憂，沉浸最療癒的時光。。 。&bull；從自然中發現不設限的生活美學。。&bull；沉浸療癒森林，藉由五感體驗親近土地。。&bull；轉場城市與戶外之間，感受到「非日常」的美好。。體驗活動。&bull；森林遊園導覽。&bull；不定期花藝體驗課。在森林裡可以體驗這些美好日常...。&bull；徜徉大地時序花卉，感受自然帶來的美境。...,,,1150901,1150930,,,313,10004,尖石鄉,嘉樂村嘉樂129號,,,,121.227015,24.729611,,https://ezgo.ardswc.gov.tw/_api/content/images/agrispots/1784/480x360_jza572bq1q7f544u4c436ixjqc162av0.jpg
王老先生休閒農場,,,歡迎來到王老先生休閒農場！。在這裡您可以和各種可愛的動物互動，也可以體驗DIY與田園趣。快帶家人朋友一起來玩吧！。可愛動物區請洽：0979333036。營業時間。平日：9:00 - 17:00。假日：8:30 - 17:00。價目資訊。【入園與小動物互動】。2歲以下幼兒：免費。2-4歲：50元 (僅酌收清潔費)。5歲以上：250 元 (含飼料乙份)。65歲以上&愛心卡：200 元。【DIY手作課程】。2-4歲：50元 (僅收清潔費不含材料費用)。5歲以上：250元。...,,,1150901,1150930,(09),,266,10002,三星鄉,萬富七路76號,,,,121.675267,24.681156,,https://ezgo.ardswc.gov.tw/_api/content/images/agrispots/32665/480x360_agrispots-image-ep-chi_x-uootrareyxryq.jpg
和華園休閒農場,,,,,,1150901,1150930,,,923,10013,萬巒鄉,五溝村12鄰東興路66之1號,,,,120.605494,22.594464,,https://ezgo.ardswc.gov.tw/_api/content/images/notfound/miss.jpg
綠谷休閒農場,,,綠谷休閒農場。擁有大片五節芒、野薑花及蕨類植物等野生植物的綠谷休閒農場，栽種有樹梅、百香果等經濟作物，而除了這些自然植物圍繞著園區外，這裡還有多種的青蛙生態，全台灣所擁有的31種青蛙，這裡就擁有了13種，與此地多種蕨類植物，均為此園區特色，景致良好，腹地寬廣，為放鬆心情好地方。,,,1150901,1150930,(02)24523165,,206,10017,七堵區,瑪陵坑華新二路80號,,,,121.665462,25.120361,,https://ezgo.ardswc.gov.tw/_api/content/images/agrispots/82/480x360_20151117173257.jpg
松竹園休閒農場,,,,,,1150901,1150930,(04)23930072,,411,66000,太平區,汴里北田路323巷39號,,,,120.787125,24.155016,,https://ezgo.ardswc.gov.tw/_api/content/images/agrispots/35258/480x360_agrispots-image-thvelnfvfua1dtkfubartq.jpg
謙謹休閒農場,,,本農場以結合自然生態、有機農業生產、休閒以體驗農村生活為經營理念，提供一處兼具自然生態、有機農業、觀光果園與露營渡假、休閒等功能之休閒農場，屬於體驗型休閒農場；謙謹休閒農場並以「自然、有機、休閒、慢活」為核心目標，休閒農場位於花蓮縣富里鄉，距台東縣池上鄉北方約15公里處，鄰近六十石山風景區範圍與羅山遊憩區；附近有羅山瀑布、泥火山等知名景點。農場西側鄰接富里鄉花80號鄉道，可經由花80號鄉道接台九線省道(約500公尺可與台九線省道連接)，距池上鄉約12分鐘車程。。結合自然生態、有機農業生產、休閒...,,,1150901,1150930,(09),,983,10015,富里鄉,羅山村16鄰羅山5之5號,,,,121.274514,23.198357,,https://ezgo.ardswc.gov.tw/_api/content/images/agrispots/1663/480x360_S__46948573(4).jpg
櫻之采休閒農場(蜜滋賀溫泉飯店),,,,,,1150901,1150930,(03)8870099,,978,10015,瑞穗鄉,瑞祥村溫泉一街17號,,,,121.370677,23.491155,,https://ezgo.ardswc.gov.tw/_api/content/images/notfound/miss.jpg
大茉莉休閒農場,,,在台灣落地生根，因為有我愛的人。。您或許曾經嚮往，到義大利威尼斯河享受遊河的愜意，也或許曾經渴望，身在一個充滿生態、環保的環境，那麼來到大茉莉，是你夢想成真的現實藍圖。大茉莉的主人John，在加拿大出生，喜歡旅行，所以也曾經待在紐西蘭25 年，因為和台灣女孩相知相遇相戀，因此留在台灣，就此落地深根。。因為John 崇尚自然及生態環境，因此在規劃大茉莉農場時，也將這樣的理念帶入農場內，目前在農場內的建築物，是利用紙類來打造的「紙房子」，利用紙類打成漿泥混水泥來建蓋，也利用寶特瓶、玻璃瓶混合其中...,,,1150901,1150930,(09),,905,10013,里港鄉,載興村16鄰載南路19巷12弄20號,,,,120.545211,22.776617,,https://ezgo.ardswc.gov.tw/_api/content/images/agrispots/251/480x360_ffca7e6ed8c24e80b6707fe9069af2f3.jpg
礁溪休閒農業有限公司休閒農場,,,,,,1150901,1150930,,,262,10002,礁溪鄉,大忠村17鄰五峰路70巷50號,,,,121.755286,24.829952,,https://ezgo.ardswc.gov.tw/_api/content/images/notfound/miss.jpg
蘭野星空休閒農場(日光蘭野),,,,,,1150901,1150930,(03)9516868,,269,10002,冬山鄉,進利路500號,,,,121.699246,24.640776,,https://ezgo.ardswc.gov.tw/_api/content/images/notfound/miss.jpg
石壁休閒農場,,,,,,1150901,1150930,(09),,646,10009,古坑鄉,草嶺村草嶺81之18 號,,,,120.715526,23.610662,,https://ezgo.ardswc.gov.tw/_api/content/images/agrispots/6505/480x360_1595557526435(3).jpg
心禾園休閒農場,,,「心禾園」一處用&rdquo；心&rdquo；栽培農作物（&ldquo；禾&rdquo；古文表&rdquo；稻子&rdquo；之意，引申為農作物）的農園，一位農業教授命的名。「心禾園」是期許也是鼓勵，更是農園不斷努力和創新的原動力。。園主詹先生是承襲家族農業的第三代，傳到兒子輩已是第四代，詹家世代務農，技術一代比一代先進，尤其園主是勇於嚐試與創新。水果種植種類有枇杷，寄接梨跟芒果、藍莓、楊梅。。體驗活動。採果品種：枇杷、水梨、芒果。水果產季：枇杷3月-4月、水梨7月-8月、芒果6月-8月...,,,1150901,1150930,(09),,423,66000,東勢區,慶福里9鄰東關路4段528號,,,,120.848986,24.163675,,https://ezgo.ardswc.gov.tw/_api/content/images/agrispots/961/480x360_241c82696t1cd46skxvdm523m55g183u.jpg
想夢蘭休閒農場,,,,,,1150901,1150930,(037)355046,,356,10005,後龍鎮,福寧里頭湖6-2號,,,,120.763855,24.587617,,https://ezgo.ardswc.gov.tw/_api/content/images/notfound/miss.jpg
龍子泉休閒農場(龍子泉美饌會館),,,龍子泉休閒農場。輕輕的，。我將拉起你的手，。一手牽著孩子，。一手牽著你。。我們逐步向前，保護彼此。。這農場的田園山水，。就是我愛你們的誓言。。相依相慰，花甲夫妻樹。在南州交流道旁，一棟碩大的建築物矗立其中，在入口處二棵龍眼樹--「花甲夫妻樹」，樹齡已逾100 年以上，一為老樹公、一為老樹婆，也有人稱夫妻樹為「情人樹」，這一對夫妻樹遠看是一棵，近看會發現老樹公正張開大手要保護憐惜老樹婆一般，感覺像是一個男人用它強大的胸襟來保護自己的妻子一般的相依相慰，相知相惜。這也是創立龍子泉的...,,,1150901,1150930,(08)8645699,,926,10013,南州鄉,壽元村1鄰大同路69號,,,,120.540683,22.486964,,https://ezgo.ardswc.gov.tw/_api/content/images/agrispots/247/480x360_846f27bc8b0746d98595c24b950aab11.jpg
棗稻田休閒農場,,,棗稻田為一致力於發揚地方物產/文化並維護自然環境之食農企業。我們採用友善圓農法培植農作，並大量運用在地農產品研發產品。以此為經營基礎，棗稻田期待能成為台灣新農業典範品牌，活絡台灣農業及觀光市場，並喚醒大眾對土地的認同及熱愛。。因為我們深知，唯有連結現有的基礎建設與資源，與優質團隊人力投入，才有能力一步步實踐理想，並漸次推動產業整體的發展￮因此草創之初，經營團隊著重的是品牌經營及服務推展。希望將每一階段的成果作為改造台灣產業的養份，並在未來創造人與土地『共生、共享、共榮』的生活環境。,,,1150901,1150930,(03)9226648,,264,10002,員山鄉,員山路二段172巷17號,,,https://jaodaotian.com/,121.710223,24.726446,,https://ezgo.ardswc.gov.tw/_api/content/images/agrispots/1751/480x360_174490840_3844086095680833_5427180110364176852_n(1).jpg
龍雲休閒農場,,,龍雲休閒農場。龍雲農場位在阿里山公路旁，靠近奮起湖的山坡地，從石桌往奮起湖的169道路上有叉路通往。龍雲休閒農場是以主人鄧金聰的三合院老厝為中心，經過十幾年的經營，逐漸有今天的規模。其所在的區域有大片的竹林、杉木林、櫻花林和天然林等自然資源，當地人特別保留下來不開發，聯合成立了台灣第一座由民間自行成立的「自然生態保育區」。由於環境自然多樣，因此在此生活的野生動物也非常多樣，其中不乏一些保育類動物。農場一年四季都是賞蛙的好季節，而夏天的黑翅螢、冬天的雪螢，讓前來的遊客都能欣賞到火金姑美麗身影。,,,1150901,1150930,(05)2562216,(05)2562106,604,10010,竹崎鄉,中和村石棹1號,,,https://www.long-yun.com.tw/,120.703601,23.487219,,https://ezgo.ardswc.gov.tw/_api/content/images/agrispots/219/480x360_20160908173016.jpg
台灣金石咖啡休閒農場,,,在地自產自銷大武高山咖啡，也幫助在地農民推廣。。農場內場地寬闊 環境優美 停車方便 咖啡簡餐 親近動物 現場演奏。是適合全家大小一同出遊的休閒農場。台灣金石咖啡 從農地耕作、後製處理、最終加工自行包辦 可為屏東咖啡的代表。農場內有保留的自然環境可以做很多休閒活動，非常適合小朋友嬉鬧玩耍。場內也有一群可愛小動物，有在地咖啡也有簡餐飲品，適合各年齡層客群同遊。體驗活動。咖啡烘焙DIY。 。遊覽景點。萬金聖母聖殿。法蒂瑪教堂。萬安瀑布。五溝聚落。林後四林平地森林公園。 ...,,,1150901,1150930,(08)7832558,,923,10013,萬巒鄉,赤山村沿山路1段500號,,,,120.617113,22.584913,,https://ezgo.ardswc.gov.tw/_api/content/images/agrispots/3338/480x360_125896294_2550843311707261_8325137580685839804_n.jpg
全一休閒農場,,,全一休閒農場。位於台中市太平區的全一休閒農場，是行政院農委會第一梯次准予籌設專案輔導的十七家休閒農場其中之一，在太平市農會用心的輔導之下，從一個單純的農牧經營為主的農場，成功轉型成為以觀光教育為導向的休閒農場。,,,1150901,1150930,(09),,411,66000,太平區,北田路283號,,,,120.769502,24.138582,,https://ezgo.ardswc.gov.tw/_api/content/images/agrispots/170/480x360_20151113160333.jpg
金葉山莊休閒農場,,,金葉山莊休閒農場。金葉山莊位於卓蘭鎮壢西坪的入口，也是台三號省道147.5公里處旁，園區內種滿的樟樹是山莊的最大資產，而特地去考取解說員資格的主人女兒，更可以詳盡的為遊客解說並帶大家認識各種植物生態。。來到金葉山莊絕不能錯過女主人的好手藝，特有的「客家封肉」和「生龍活虎湯」別處吃不到，兼顧美味和養生的風味料理，讓大家齒頰留香，吃了還想再吃；女主人還會不時的研發新菜色和新口味，讓大家不同時間來都能品嚐到好味道。。山莊內的泉水泳池也是特有的活動景點，因為引用山泉水而終年不缺水，且流動的泉水也讓...,,,1150901,1150930,(04)25892292,,369,10005,卓蘭鎮,上新里四鄰大仁街29號,,,,120.833216,24.303473,,https://ezgo.ardswc.gov.tw/_api/content/images/agrispots/169/480x360_349a416907ec42ea9c22fda7bfa6a99b.jpg
心鮮森林休閒農場(小森之歌),,,,,,1150901,1150930,(03)5923428,,307,10004,芎林鄉,新鳳村1鄰倒別牛23號,,,,121.105685,24.770915,,https://ezgo.ardswc.gov.tw/_api/content/images/notfound/miss.jpg
福康休閒農場,,,福康休閒農場。廠區範圍約2.5公頃，除了廠房作業區、冷凍倉儲區、行政管理區以外，還有一大片的廣場，作為每年十月份曝曬茶花籽的場所。在廠區的另一端，種植有茶樹區(二十年生以上，也有百年以上的油茶樹)、茶花區，還有油桐花步道，欣賞五月雪。整個廠區除了依山傍水、綠意滿景外，前方還可欣賞到永和山水庫的柔美，後方可見層層山脈的磅礡氣勢，造就四季不同風格美景的視覺享受。。本工坊以家族企業起步，現已由第二代經營管理。創辦人為苗栗客家人，因有承襲長輩作茶的經驗，成家後賢伉儷主內、創辦人主外靠著一台摩托車到山...,,,1150901,1150930,(037)833545,,352,10005,三灣鄉,永和村石馬店18-2號,,,,120.927787,24.640634,,https://ezgo.ardswc.gov.tw/_api/content/images/agrispots/161/480x360_20151119170143.jpg
佳芳休閒農場,,,佳芳休閒農場主要以茶作為元素，提供各式茶文化體驗與活動，而茶園內茶種皆為臺灣原生種茶，包含綠茶、烏龍茶等，另外更有場主匠心獨具研發出的臺東紅烏龍、翡翠包，不僅使遊客可以茗茶、賞茶賞景、製茶、體驗DIY 活動等，也能提供遊客一個特有的臺灣茶文化體驗之旅。。農場經營方向以結合鄰近豐富的自然生態、製茶產業文化體驗及賞景品茗活動為主；積極推廣「安全」、「永續」理念，另外結合初鹿休閒農業區與周遭產業，提供遊客多元化體驗活動，以共同帶動整體初鹿休閒農業。。 茶葉蛋捲體驗 套裝行程。佳芳休閒農場位於卑南...,,,1150901,1150930,(09),,954,10014,卑南鄉,明峰村牧場72之4號,,,https://www.taiwan-tea.net/,121.108024,22.857203,,https://ezgo.ardswc.gov.tw/_api/content/images/agrispots/1749/480x360_12465787_1024562314277694_5033239840110485414_o.jpg
枋寮巧茵山休閒農場,,,巧茵山休閒農場（可茵山可可莊園）以可可為主題的休閒觀光農場。農場致力於推廣台灣本土可可產業，結合了農業、教育、觀光與美食，是台灣最大且第一間落實 「Bean to Bar」（從可可豆到巧克力成品）完整製作流程的工廠。。創辦人在旅居美國 30 多年後回到家鄉屏東，有感於傳統產業萎縮，決定引進可可種植以推動產業轉型。他利用屏東亞熱帶氣候適合可可生長的優勢，在大武山下孕育出這段「黑金傳奇」，讓遊客能體驗從鮮嫩豆苗到香滑巧克力的奇幻之旅。。園區特色與體驗活動。&bull； 遊客可自由探索可可園區並...,,,1150901,1150930,,,940,10013,枋寮鄉,太源村中山路三段123號,,,https://cocosun.com.tw/,120.581971,22.421119,,https://ezgo.ardswc.gov.tw/_api/content/images/agrispots/1855/480x360_vxx10djy1q01w2cftxc8kz45k6v4eajd.png
飛牛牧場休閒農場,Flying Cow Ranch(飛牛牧場休閒農場),飛牛牧場リゾート農場,飛牛牧場：台灣最自然的牧場。飛牛牧場為【全國第一家】經行政院農委會專案輔導成功，而取得【全場完整許可登記證】之綜合型休閒農場。牧場裡以「自然、健康、歡樂」為創園宗旨；「品質創新、親切和諧、永續環保」為經營理念；以天空、草原及牛奶的顏色調和出屬於「飛牛牧場」獨特的色彩。期許提供遊客一個優質的休憩空間及三生合一：生產、生活、生態的農村休閒體驗生活；希望藉由「親近大自然」的生活體驗中學習「尊重大自然」並力行「愛護大自然」！ 。飛牛牧場營運主要服務項目。●六大主題生態區：。乳牛生態區、蝴蝶生態區...,Flying Cow Ranch， located in Tongxiao Township， Miaoli， is spread over approximately 50 hectares. In fact， if the dairy farm and grazing fields are included， the ranch extends to about 120 hectares. Flying Cow Ranch is an expansive farm with a wide range of facilities and activities.You can interact with dairy cows， mountain goats， horses， and rabbits at the Animal Farm and can milk cows or feed little sheep， bunnies， and calves. Or you can visit the Butterfly Area for a guided tour on the life ...,飛牛牧場は、「生活、生態、生産」の一体化を理念としたリゾート牧場であり、広々とした牧場を散歩したり、牛が草を食む姿や、池を悠然と泳ぐ鴨を眺めたり、芝生で凧揚げする子どもを見守ったりして、大自然に完全に溶け込むことができる場所です。。  。  。  アクセス。  。  苗栗通霄駅で下車し、タクシーに乗り換えて10分あまりで到着。,1150901,1150930,(037)782999,(037)782399,357,10005,通霄鎮,南和里 166 號,No. 166， Nanho Vil.,南和里166号,https://www.flyingcow.com.tw/,120.741294,24.441267,餐飲,https://ezgo.ardswc.gov.tw/_api/content/images/agrispots/146/480x360_20151117141611.jpg
五柳園休閒農場,,,五柳園坐落在林木茂盛的嘉義市東區，臨近素有嘉義市仰德大道之稱的大雅路，是一座採用自然工法營造的景觀園區。全園大量收集了嘉義市東區的老樹，如土蓮霧、土芭樂、人心果、龍眼、荔枝、茄苳、七里香、九重葛、山棕、嘉寶果等。除了希望保護這些老樹，讓他們繼續記錄嘉義這塊土地的故事，也能讓本園區成為嘉義市東區老樹的縮影。。園內以人工雕琢仿石材步道，除美觀外，並具透水性，讓雨水能滲透、滋潤大地。並種植香茅、萬壽菊等忌避作物，以祈使園區不必施用農藥。。閒暇時能笑看野溪生態池中悠遊的魚蝦、螃蟹，或穿梭在老樹群中；...,,,1150901,1150930,(05)2719500,,600,10020,東區,盧厝里8鄰盧厝44之13號,,,https://www.wuliufarm.com,120.488777,23.489698,,https://ezgo.ardswc.gov.tw/_api/content/images/agrispots/1303/480x360_20200225-08.jpg
九湖森林休閒農場（銅鑼茶廠）,,,簡介。九湖森林休閒農場（銅鑼茶廠）主要茶產為東方美人茶、蜜香紅茶、綠茶、烏龍茶。尤以東方美人茶(俗稱 膨風茶)最具在地代表性，茶園栽種以最適製東方美人茶的青心大冇茶樹為主，主要採摘是在每年的農曆「芒種」前後，每年參加全國、苗栗東方美人評鑑比賽，皆獲得各項大獎殊榮。。茶園面積佔地30公頃，依天候條件採自然方式耕種，是一座著重生態環保永續的茶園。。茶廠是一座現行運作製茶，並兼具訪客體驗茶園採茶與製茶的複合式茶廠。旅客可預約茶園採、製茶DIY體驗，親身尋覓一心二葉採菁的感動，親手揉製屬於自己的手...,,,1150901,1150930,(037)987358,,366,10005,銅鑼鄉,九湖村九湖132-16號,,,https://www.tongluotea.com,120.772125,24.471437,,https://ezgo.ardswc.gov.tw/_api/content/images/agrispots/1340/480x360_96.jpg
展壯台大休閒農場,,,展壯台大休閒農場成立於西元1981年，現有員工人數逾100名。本公司專業投入蝴蝶蘭、文心蘭、嘉德利亞蘭及其他屬別蘭花之育種、研發及生產銷售。從育種選拔、無塵室組織培養、溫室栽培、病蟲害防治、病毒檢測各方面本公司均採企業化管理來生產高品質最佳的各種蘭花。藉由不斷自行研發、引種、交配、選種，並配合自設病毒測定站的病毒檢查，以組織培養技術繁殖品質優良、性狀均一之健康種苗並栽培成小苗、中苗、成株、開花株、盆花以供應國內、外市場需求。本公司隨時不斷推出新的優良品種供應各界需要，全部產品約70供應外銷，其餘...,,,1150901,1150930,(04)8527335,,515,10007,大村鄉,大橋村中山路三段137號,,,https://www.taidaorchids.com.tw,120.558768,23.996891,,https://ezgo.ardswc.gov.tw/_api/content/images/agrispots/3096/480x360_147cb0b6fa5d4508bfaa188f48a08a67.jpg
新美休閒農場,,,新美休閒農場。新美觀光果園位於大湖鄉薑麻園栗林村雲洞山，園主謝新斗先生經營果園已有三十年的經驗，果園面積廣達三甲多地，其中有五分地的甜桃，二甲多的各品種李子，三分地的紅龍果，五分地的牛心柿，每年從五月開始至十一月都有水果生產可供採果（五月至七月桃李產期，八月至十一月火龍果、牛心柿產期），由於氣候良好及管理得宜，各類水果品質甚佳，頗有口碑。除了開放遊客民眾採果，並指導遊客水柿去澀DIY，及導覽果園體驗客家風情。。新美觀光果園為配合遊客採果、休閒，園內並設有遊園步道，經觀景亭、百年樟樹、大奇石、...,,,1150901,1150930,(037)951196,,364,10005,大湖鄉,薑麻園10鄰8號,,,https://www.miaolifun.com.tw/index.php?menu=21&id=6579,120.825907,24.383674,,https://ezgo.ardswc.gov.tw/_api/content/images/agrispots/25436/480x360_agrispots-image-mupmyyd4cue4ckdzofzrdg.jpg
小路休閒農場,,,小路休閒農場。那片湛藍的天空，清新純淨，微風輕拂；山巔間時有陽光灑落，如金色線條般牽引整片營地，帶來溫暖與笑容。「小路」在日文意為秘密基地，園區位於夢幻湖峽灣，環境清爽舒適，山中靜謐隱密，正是適合放鬆心情、遠離塵囂的好地方。園區內安排了多樣體驗，親子同樂的生態導覽、食農手作體驗、溫馨的親子露營。設備乾淨整潔，搭配輕柔音樂，讓每一次洗沐都能自在舒心。寬廣的草皮空間，孩子們可以盡情滑草、奔跑，探索大自然的奧祕。每週六夜間生態導覽，帶著孩子親近環境，學習自然知識，也增進親子情感交流。園內還有不定期的...,,,1150901,1150930,(09),,426,66000,新社區,崑山里食水嵙6-2號,,,http://www.nalu.com.tw/index.htm,0,0,,https://ezgo.ardswc.gov.tw/_api/content/images/agrispots/1516/480x360_20200324-02.jpg
根源自然生態休閒農場,,,根源自然生態休閒農場。起點，。珍惜這天地萬物，。過程，。篳路藍縷。。終點，。根源自然優然而生，。歡迎。。貴地有人來。珍惜無處不在。「貴地有人來」是根源自然生態休閒農場的迎賓牌，「貴地」指的是一處以自然農法用心維護的珍貴土地。。走進農場中迎面而來的溫暖海風，佔地廣闊的綠地園區，令人有種回歸自然的舒適氛圍，農場內以有機農場、生態導覽、並結合在地神頁部落的人文與自然景觀做一系列深入體驗旅遊活動，讓您不僅獲得寶貴的生態知識，也能更進一步了解美麗恆春的內涵。。農場的整體環境除了以自然...,,,1150901,1150930,(08)8897858,,946,10013,恆春鎮,省北路二段 568 號,,,,120.724055,22.051521,,https://ezgo.ardswc.gov.tw/_api/content/images/agrispots/237/480x360_e90a4826befb47cdaa396306ff3f69c1.jpg
雙福休閒農場,,,臺灣荔枝乾第一人。農場主要栽種黑葉荔枝、糯米荔枝，農場內數十年的老叢荔枝樹，生產高品質的荔枝鮮果，是臺灣第一個製作荔枝乾的單位，以傳統技法烘焙龍眼乾超過50年的老師傅，因緣際會的與嘉義農事所的專員一起討論烘焙荔枝乾的可行性，行動派的楊先生立即著手試焙，以數十年龍眼乾烘焙經驗，烘焙荔枝，因為龍眼的果肉較薄，果殼較厚硬滑，荔枝的果肉厚、水份多、果殼較軟薄不平整，所以在經過多次的嘗試後終於發現，以中低溫長時間烘焙，才能烘出軟香Ｑ的美味荔枝乾，新鮮美味成為搶手的伴手好禮。。每年6月至8月荔枝盛產期，...,,,1150901,1150930,(049)2526092,(049)2522876,502,10007,芬園鄉,舊社村彰南路五段726號,,,https://goo.gl/C3brqL,120.622874,24.041359,,https://ezgo.ardswc.gov.tw/_api/content/images/agrispots/651/480x360_e71ec952941e412e9ce976a1fd447a07.jpg
傑安美桔園休閒農場,,,,,,1150901,1150930,(09),,352,10005,三灣鄉,永和村八鄰北坑2之6號,,,,120.928874,24.650606,,https://ezgo.ardswc.gov.tw/_api/content/images/notfound/miss.jpg
菁芩休閒農場,,,站在菁芩休閒農場的翠綠園區內令人壓力全消，這裡的芭樂採用草生栽培，是東吳大學、田中農會聯合推薦的優選廠商。各式各樣的芭樂，帶給味蕾豐富多變的感受，每棵芭樂都經過產銷履歷驗證、安全有保障。。樹頭上掛著滿滿的芭樂，微風吹來，樹葉的沙沙輕響，伴著一股清甜芭樂香。菁芩休閒農場是鄭俊達夫妻打造的芭樂天地，芭樂田的前身是老闆父親耕植的水稻田，由於不捨年邁父親為農事操勞，於是與太太兩人決定投入農業之路。。體驗活動。甘草芭樂搖呀搖DIY體驗：搭配台稉９號體驗館食農教育導覽，「甘草芭樂搖呀搖DIY體驗」25...,,,1150901,1150930,(09),,524,10007,溪州鄉,成功村庒北巷７號,,,,120.549588,23.833167,,https://ezgo.ardswc.gov.tw/_api/content/images/agrispots/3134/480x360_t1cs0fv5ddi2gwk8ubb6m36wjcc2hvt6.jpg
臺灣漢寶園休閒農場,,,秋冬之際，一隻東方環頸快速的在漢寶濕地上奔跑覓食。一群可愛的招潮蟹揮舞著它的大螯腳紛紛的探出頭來。。​。這是漢寶濕地的一隅，也是台灣漢寶園未來努力的方向。從台灣漢寶園的眺望台不僅可以遠眺海邊的潮汐變化及王功夕照，到這裡還可以體驗「摸蛤兼洗褲」的親子體驗活動、並可結合台灣玻璃館半日遊，或是鹿港小鎮的古蹟一日遊行程。。。資料來源：彰化縣政府,,,1150901,1150930,(09),,528,10007,芳苑鄉,大同二路507 號,,,,120.360246,24.007110,,https://ezgo.ardswc.gov.tw/_api/content/images/agrispots/689/480x360_6fef4e8887404a99b840bbf95572a128.jpg
金車生物頭城造林園區休閒農場,,,金車生物頭城造林園區休閒農場。金車企業一直在做深耕宜蘭的工作，頭城造林園區休閒農場便是結合地方景致等特色，做有利於遊客又能增進自己企業營收、形象的工作，如此案例可作為台灣眾多企業的參考。。金車生物頭城造林園區休閒農場一般遊客稱之為「金車城堡咖啡館」，假日遊客總是絡繹不絕，進入園區要找停車位還得碰運氣。。這裡缺乏直接開上山的大眾運輸工具，假日駕車前來的遊客，一定要考慮清楚，避免因為找不到停車位、浪費時間而惹來一陣不悅。。由於園區開闢在一座山頭上，因此造林工作成為建設城堡式建築前一項重要工作...,,,1150901,1150930,(03)9699228,,261,10002,頭城鎮,外澳里石空路102號,,,,121.836048,24.883097,,https://ezgo.ardswc.gov.tw/_api/content/images/agrispots/125/480x360_20151119170645.jpg
水月休閒農場(水悅莊園),,,本農場以果園為主，開放採果體驗，提供附近鄉鎮居民優閒、舒適的休閒場所，可在週休假期時，到農場內親近自然，健康、休閒又紓壓。。【營業時間與預約請洽業者】,,,1150901,1150930,(03)4263699,,320,68000,中壢區,三民里大享街218號,,,,121.191717,24.972983,,https://ezgo.ardswc.gov.tw/_api/content/images/agrispots/1393/480x360_20200325-26.jpg
柚園生態休閒農場,,,柚園生態休閒農場。「柚園」兩個字與「又緣」、「又圓」同音，傳達了時空的完整及緣分的相會，成就了這個農場，園區佔地兩公頃，區分森林、溼地、果園、菜園、草坪等區域，並設有解說教室，蝴蝶網室、露營區、樹屋。看似荒野，卻蘊含著豐富的生態資源，每個季節都有不同體驗，處處是驚奇。透過探索體驗的方式讓大小朋友認識自然、瞭解自然、喜愛自然，在玩耍中學習與生物相處，表現對環境友善的堅持。。羅大佑的《童年》歌詞：「池塘邊的榕樹上，知了在聲聲叫著夏天.......陽光下蜻蜓飛過來，一片片綠油油的稻田。」是70年代...,,,1150901,1150930,(08)7214446,,909,10013,麟洛鄉,新田村16鄰民族路453-2號,,,https://yoyuan.blogspot.tw/,120.555038,22.665779,,https://ezgo.ardswc.gov.tw/_api/content/images/agrispots/248/480x360_855786857f544e44bf46c655017db8d5.jpg
阿信巧克力休閒農場,,,大人小孩都愛的巧克力農場 南國海洋環境的自然園地。探索巧克力的生長奧妙            夕陽海岸美景盡收眼底。改變墾丁旅遊模式，打造一應俱全巧克力世界。阿信巧克力農場位於熱帶、擁有豐富生態的恆春半島，是全台灣第一個提供巧克力生態導覽的休閒農場，搭配悠活渡假村巧克力旅館，即成為囊括食、住、育、樂的「巧克力世界」。。佔地萬坪的寬闊農場裡，種植超過300棵可可樹與2萬棵的可可苗，能實際體驗巧克力從種苗、成樹、果實到成品每一步驟。 。農場另設有芳香宜人的香草花田、展售當季農特產的農夫市集...,,,1150901,1150930,(08)8869696,,946,10013,恆春鎮,山海里萬里路27之8號,,,https://www.taiwanchoco.com.tw,120.704835,21.997352,,https://ezgo.ardswc.gov.tw/_api/content/images/agrispots/4249/480x360_cd4e1d4afc054a3196bfed5d55216c11.jpg
雅育休閒農場,,,雅育休閒農場。雅育休閒農場位於彰化縣大村鄉貢旗村，位處行政院農委會台中區農業改良場附近，農場周邊多是葡萄園及稻田景觀，景色非常優美。園區建築採德式鄉村風格造型，配合週遭景觀，讓您不用出國同樣能享受歐洲風情。。農場本身以巨峰葡萄生產為主要農業經營活動，園區內主要生產鮮食品種巨峰葡萄為主，兼種少數蜜紅葡萄，每年五~六月及十二月為葡萄生產期，適合親子採果體驗活動。以完全不同於國內之垣籬式栽培方式，讓您親手剪枝、誘引、除芽、採收等葡萄園生產管理，提供釀酒教學體驗，讓對葡萄酒有興趣的民眾一個不同的田間...,,,1150901,1150930,(09),,515,10007,大村鄉,貢旗村旗興路二段328號,,,,120.535646,23.985128,,https://ezgo.ardswc.gov.tw/_api/content/images/agrispots/25529/480x360_agrispots-image-clvn-3z3_0o9ihfzf430ba.jpg
北新有機休閒農場,,,北新休閒農場。北新農場是由2005年神農獎得主簡連生先生所經營，為新北市第一家合法之休閒農場。場內以生產符合慈心認證之有機蔬果為主，並設立有機農業生活體驗教室。。園區經營的有機蔬菜是老闆的心肝寶貝，除了有牢不可破的溫室抵擋外來病蟲害的侵襲，在溫室外圍則種植大量的迷迭香，除了有驅蟲效果外，還有淡淡的香草香，隨著參觀動線一路走去，空氣中充滿迷迭香的香氣。沿路還有綠色步道，無處不在的綠意灌注在參觀動線上，跑到農場的最尾端往最前端望過去，遠處有山，近看有草，旁邊還有老闆自己種植的各式有機蔬果，讓從小...,,,1150901,1150930,(02)26231428,,251,65000,淡水區,忠寮里7鄰演戲埔腳13號,,,,121.475968,25.193156,,https://ezgo.ardswc.gov.tw/_api/content/images/agrispots/93/480x360_20151113103259.jpg
一畝田琉璃仙境休閒農場,,,坐落彰化員林，琉璃仙境休閒農場結合網美拍照、親子互動、自然教育與在地美食。可愛羊駝、麝香豬餵食體驗，戲水區、玩沙坑、校外教學都適合。園區餐廳提供火鍋、咖哩鍋與特色飲品，還有黑豆醋、擂茶等伴手禮，玩樂與美食一次滿足。,,,1150901,1150930,(04)8373888,(04)8366767,510,10007,員林市,香山路87-11號,,,https://www.colorglass8711.com/,120.581321,23.941712,,https://ezgo.ardswc.gov.tw/_api/content/images/agrispots/33623/480x360_e8a8622158864bdc951f1af61b7bd16e.jpg
中華民國農會休閒綜合農牧場休閒農場,,,中華民國農會為了帶動國內酪農事業發展，於民國58年成立示範農牧場，從事於優良乳牛繁殖與推廣，為進一步帶領產業升級以及因應國內旅遊人口的蓬勃發展，乃決定朝向農業生產、農民生活、農村生態及結合民俗活動、觀光農場、童玩技藝、親子活動等休閒農業發展，並改名為休閒綜合農牧場。。農場面積33公頃、為外埔區水美山之至高點，在區內山頂設有瞭望台可遠眺大甲溪出海口，入夜後繁星點點、燈火瑩瑩，是鳥瞰台中地區的絕佳去處。。農場又稱水美牧場，因過去曾為砲兵指揮部所在地，因此留下碉堡營舍之遺跡。可容納1，000人之露...,,,1150901,1150930,(04)26872724,(04)26886131,438,66000,外埔區,二崁路700號,,,https://www.farmer.org.tw/tpfarf.aspx,120.620454,24.329302,,https://ezgo.ardswc.gov.tw/_api/content/images/agrispots/173/480x360_f96tpefse8xtpjgipwu4xzq21si1w4jz.jpg
戀戀空港灣休閒農場,,,簡介。位於蘆竹區之大古山地區，自然景觀得天獨厚，是桃園市唯一有山又有海的地方，可以俯瞰桃園國際機場及台灣海峽，圍繞數個高爾夫球場。農場以生產柑橘、諾麗果及葡萄等農作物為主。經營秉持景觀自然純樸、產品有機健康、產業趣味多變的概念，農場規劃咖啡、嚐香草、果園鮮採、無毒蔬果栽培、生態解說導覽、野趣遊憩體驗及農村人加生活體驗等主題活動，豐富農場休閒體驗內容，以呈現獨特的休閒農業風采。。戀戀空港灣休閒農場為桃園市唯一有山又有海的地方，位於桃園崖線的未瑞，可以俯瞰桃園國際機場及台灣海峽，俱備生物多樣化，...,,,1150901,1150930,(09),,338,68000,蘆竹區,坑口里小古山路183-1號,,,,121.285425,25.108111,,https://ezgo.ardswc.gov.tw/_api/content/images/agrispots/657/480x360_20200324-16.jpg
鳶山花花世界休閒農場,,,,,,1150901,1150930,,,237,65000,三峽區,中山路833號,,,,121.349537,24.933336,,https://ezgo.ardswc.gov.tw/_api/content/images/notfound/miss.jpg
綺美休閒農場,,,,,,1150901,1150930,,,369,10005,卓蘭鎮,西坪里3鄰西坪36之32號,,,,120.824923,24.328730,,https://ezgo.ardswc.gov.tw/_api/content/images/notfound/miss.jpg
微笑休閒農場,,,坐落於東勢梨之鄉休閒農業區裡的微笑休閒農場，除了季節性採果活動外，每當4~6月之間也有大量螢火蟲到訪，夏日時期由於地處溪流旁，也可下溪遊玩消暑，另配合當地業者異業結盟推出了手作乾燥花DIY活動，讓遊客體驗到不同的樂趣，新年前後正是茂谷季節，來住宿的遊客都可以現採現吃，要外帶也是沒問題的喔～,,,1150901,1150930,(09),,423,66000,東勢區,東崎路三段175巷28號,,,,120.872042,24.257948,,https://ezgo.ardswc.gov.tw/_api/content/images/agrispots/24955/480x360_agrispots-image-2at3y9xx90kpf0_pg49oyq.jpg
大漢山休閒農場,,,面對歷史的長廊，。是一步步的回憶，。大漢山的與世隔絕，。是天地交錯的畫面，。一杯熱茶，三五好友，。談天說地，。是最美麗的故事與眷戀。。【採預約制，來農場前最好先致電聯繫】。預約電話：0911-934-682。體驗活動。農場面積22.95公頃。。入場費為每人100元(可抵用消費)。。露營國中(含)以上每人250元，國小150元，國小以下免費。。在地美食。羗燉或香菇土雞半隻450元，一隻800元。。有機的堅持，是我對山林的承諾。位於春日鄉，在通往浸水營古道上，占地22...,,,1150901,1150930,(09),,942,10013,春日鄉,春日村春日路67號,,,,120.648379,22.389682,,https://ezgo.ardswc.gov.tw/_api/content/images/agrispots/3268/480x360_1ntgb6pza21pjuqq0eqvhq2kdn48bzgi.jpg
熊空森林休閒農場,,,一座位於三峽群山中的祕境。在這裡，可以享受到優美的景色、品嘗到無污染的有機作物、放鬆緊張的神經，也能洗滌在凡塵中搪塞的心靈。。有機農法 慈心認證。距離繁華台北城約40分鐘車程的熊空生態有機茶園，位處新北市三峽群山秘境之中，占地約168公頃，海拔700公尺高，約6公頃栽植茶樹，採友善環境低密度開發。以自然農法復耕田地，每一棵茶樹在無化學肥料、無農藥的環境下自然生長。全程有機栽培，有善環境、自然食物鏈的運作下，仍然保有最原始的山林之美。藉深度導覽形式介紹熊空整體有機生態與茶樹栽種，訪客在過程中因...,,,1150901,1150930,(02)26681589,,237,65000,三峽區,竹崙路238號,,,https://www.he-xu.com.tw/,121.462392,24.878502,,https://ezgo.ardswc.gov.tw/_api/content/images/agrispots/1585/480x360_20200421-06.jpg
新北市農會文山休閒農場,,,文山農場。鄰近雙北走春首選，櫻花步道盛開等您來欣賞！茶文化體驗、校外教學、親子休閒旅遊、團體聚餐、戶外活動，專屬您的美好時光！。體驗活動。採茶體驗、螢火蟲季,,,1150901,1150930,(02)26667512,(02)26664284,231,65000,新店區,湖子內路100號,,,https://www.wsfa.com.tw/,121.541040,24.933441,,https://ezgo.ardswc.gov.tw/_api/content/images/agrispots/29851/480x360_agrispots-image-6as5qqfdfkupx79fj0joyw.jpg
大丘園休閒農場,,,大丘園休閒農場。園長劉炳賀先生是擔任二水鄉第四班蔬菜產銷班的班長，在八卦山二水鄉大園山區有畂1.5公頃種植蔬果的土地，有鑒於加入WTO後，農業應轉型為服務業，才能創造農業新氣象。於是向彰化縣政府申請獲准將蔬菜及果園開發成休閒農場，經過許久精心規劃而建造出大丘園休閒農場，並推出「十菜二湯」的風味餐。園長還是吉園圃的成員，所以他種植的蔬果都是無農藥殘留的喲！例如：小黃瓜、南瓜，草莓以及各種蔬菜，最具有健康概念。還可遠望彰化十景之一的鄭氏古厝、親水公園、「台灣百景」八堡圳取水口制排水門、「台灣大禹」...,,,1150901,1150930,(04)8792929,(04)8791980,529,10007,二水鄉,大園村員集路二段442號,,,https://dcy1688.twowater.com.tw/websitesub/contact,120.640419,23.803427,,https://ezgo.ardswc.gov.tw/_api/content/images/agrispots/180/480x360_20151117110104.jpg
507高地美健休閒農場,,,507 高地美健休閒農場。位於苗栗縣卓蘭鎮鯉魚潭水庫南側的「507高地美健農場」，顧名思義，位於海拔507公尺的高地，前方可以鳥瞰卓蘭鎮，後方可遠眺鯉魚潭，平原、丘陵、高山盡收眼底，不論是雲霧飄渺或夕陽餘暉，也因為四季呈現不同的風光明媚，是欣賞風景、觀光旅遊的好景點。。到此用餐或喝下午茶，農場主人會熱情招呼，希望大家留到晚上觀賞美麗的夜間燈景，因為環視10餘鄉鎮的漂亮夜景，是本農場的招牌景色。餐廳四周也特地利用強化玻璃，就是為了讓遊客安心欣賞美麗的風景。而農場內的樹木很多、形狀特殊，是森林浴...,,,1150901,1150930,(04)25895507,,369,10005,卓蘭鎮,西坪里西坪134之10號,,,,120.786668,24.333454,,https://ezgo.ardswc.gov.tw/_api/content/images/agrispots/25445/480x360_agrispots-image-qqcuz4-steuqmtsmd5smaa.jpg
走馬瀨休閒農場,,,走馬瀨農場為台南市農會全心經營的休閒農業場，場區由曾文溪中游三面環繞、阿里山支脈烏山嶺四邊環抱，形成一塊山水桃花源。園區遊憩面積廣達120公頃，40公頃的紐西蘭牧野草原風情，浩瀚壯麗，獨步全台灣。。場域優美的環境同時也孕育著豐富的動植物資源，根據生態調查研究發現，農場擁有近150多種野生動物，其中還包含數種保育類動物。在2018年初，農場更在其中心點的大草原區，打造高達16米的巨型彩虹馬觀景高台，放眼望去盡是碧綠的草原與林蔭，以及月世界的特殊地形皆可盡收眼底。。走馬瀨農場是多功能、全方位的旅...,,,1150901,1150930,(06)5760121,(06)5760282,742,67000,大內區,二溪里唭子瓦60號,,,https://www.farm.com.tw,120.418478,23.122445,餐飲,https://ezgo.ardswc.gov.tw/_api/content/images/agrispots/224/480x360_0memp7txifjbsqdtqky6bvd8cbp13j5f.jpg
南元休閒農場,,,南元休閒農場。兩千多個植物品種、二十萬株花木、七個天然湖泊、八十五個精心規劃的遊憩景點，這裡不是避世仙境桃花源，而是座落於台南市柳營區，占地三十多公頃的「南元休閒農場」！。喜歡蒔花蓄草的負責人，同時也是台南在地紡織實業家吳天素，花了近三十年克服土質、環境問題，如今「南元休閒農場」囊括千種花木，非洲猢猻木、加拿大楓葉、百合香美人、百年七里香、觀賞鳳梨花、五百年茄苳樹等珍奇異木都在這座生態大觀園安身立命。也因此，「南元休閒農場」隨四季變化輪番上陣的豪華花景秀更是一絕，日式大觀園、櫻花谷、桂花迷宮...,,,1150901,1150930,(06)6990726,(06)6991891,736,67000,柳營區,果毅里南湖25號,,,https://www.nanyuanfarm.com.tw/,120.378579,23.240099,餐飲,https://ezgo.ardswc.gov.tw/_api/content/images/agrispots/221/480x360_708f93d175d844ffb57e87f3a21f545d.jpg
山板樵休閒農場,,,一對鍾情於京劇臉譜藝術的夫妻，在潛心研究多年與描繪後，將原本的木雕工作，轉為適合大眾的彩繪創作教學。加上園區內不僅富含各類動植物生態，山野間的清新與農村的風光，對緊張繁忙的都市人來說，也是放鬆再好不過的地方，這就是苗栗三義《山板樵休閒農場》的由來。。《山板樵休閒農場》是一處適合親子共遊的農遊景點，園區內設有臉譜文化館，收藏豐富的京劇臉譜藝術，也規劃了大小朋友都喜愛的彩繪DIY活動，從臉譜彩繪、創意吊飾到各式木製作品，讓旅客在動手創作的過程中認識傳統文化、發揮創意。除了文化與藝術體驗外，園區周邊...,,,1150901,1150930,(037)85766,,367,10005,三義鄉,雙潭村雙連潭138號,,,https://www.sbch.com.tw/,120.777725,24.404472,體驗,https://ezgo.ardswc.gov.tw/_api/content/images/agrispots/705/480x360_9abe37bb066c4494821d64173039e394.jpg
地熱米休閒農場,,,地熱米休閒農場種植稻米已有豐富的經驗，為了讓遊客更認識稻米的生產過程設計了一系列的米食體驗：抓米樂、爆米香、脫穀樂...，亦有民宿供遊客訂房，歡迎大家來天送埤遊玩。。遊程/體驗介紹。碾米樂／體驗玩米的樂趣，以競賽方式進行，將白米以最快速度裝進瓶中，誕生各組冠軍，各組冠軍再比賽，獲勝的冠、亞、季獲得獎品。。稻米脫脫樂／如何吃到白米稻穀進到脫穀機內會先剝離成糙米跟粗糠&rarr；精米過程&rarr；白米。爆米香DIY。爆米香體驗／將白米倒進爆米香壓力鍋(聲音像錢倒進錢袋中) &rarr；砰...,,,1150901,1150930,(03)9891268,(03)9895170,266,10002,三星鄉,三星路七段89號,,,https://www.7-11k.tw,121.627293,24.661897,,https://ezgo.ardswc.gov.tw/_api/content/images/agrispots/709/480x360_xv3uccab8xv668rnuf3wws539v736yw9.jpg
關子嶺開心休閒農場,,,,,,1150901,1150930,(09),,732,67000,白河區,關嶺里8鄰南寮19之16號,,,http://www.happyfarm.url.tw/index.html,120.495783,23.322287,,https://ezgo.ardswc.gov.tw/_api/content/images/notfound/miss.jpg
大安休閒農場(預約制),,,大安休閒農場，位於臺中市西北邊的大安鄉，濱鄰台灣海峽，就在中庄里中海路盡頭的南埔海堤旁，在臺中市大安區長達八公里的海岸線也佔了一席之地，早期更是白毛鴨養殖及村民出海捕魚的地方。幾經臺中市大安區農會規劃、整建，而成為臺中市沿海地區最佳農、漁遊憩休閒場地，場區內外自然多樣的動、植物，更有國寶大安水蓑衣，還有豐富的淡水魚、蝦、蟹生態及家禽養殖，海邊黃昏瞬息多變的夕陽美景，都值得您細細品味和體驗。 。＊陽光：農場踏青、海岸巡禮 。最佳體驗季節：3、4、5、6、7、8、9、10月 。＊空氣：風力的感...,,,1150901,1150930,(04)2671222941,,439,66000,大安區,中庄里中海路151號,,,,120.573656,24.356496,,https://ezgo.ardswc.gov.tw/_api/content/images/agrispots/30555/480x360_agrispots-image-x1qj47nuhuqwh4esntag3q.jpg
咱兜休閒農場,,,位於名間鄉弓鞋村田中森林步道途中，可預約現場採果體驗(茶、咖啡、芒果、火龍果、鳳梨、水蜜桃、橘子等多元作物)，不但可進行多元的農事體驗，更可以租借活動場地，若有用餐需求需事先預約訂購。,,,1150901,1150930,(09),,551,10008,名間鄉,三崙村19鄰弓鞋巷23-16號,,,,120.622898,23.848712,,https://ezgo.ardswc.gov.tw/_api/content/images/agrispots/892/480x360_咱兜入口意象.jpg
美村休閒農場,,,美村渡假農場的名稱，是由農場主人－恩愛的花爸花媽的名字「美」、「村」結合而成。來美村的大小朋友，在這遼闊占地近1600坪的綠意環境中，盡情享受大自然，其中11座大大小小蓮花池荷花池柚園芋頭園香草植栽區、魚菜共生、火龍果落羽松步道，孩子嬉笑奔跑之餘也了解自然生態的豐富精采。。家長飲用園內自種的甜菊薄荷花草茶，一旁搖椅靜心欣賞，還能在遼闊的農場迎風騎單車，享受渡假的美好，晚上心滿意足地在柔軟白淨大床入睡，隔天迎接的是咖啡香及豐盛手作早餐。讓每位大小朋友，擁有美麗假期回憶，充飽電，用新的心境回家迎接...,,,1150901,1150930,(03)9604869,,268,10002,五結鄉,大吉村大吉一路269號,,,,121.803309,24.699739,,https://ezgo.ardswc.gov.tw/_api/content/images/agrispots/6683/480x360_20200418-07.jpg
水長流生態休閒農場,,,,,,1150901,1150930,,,544,10008,國姓鄉,長福村長雙巷40號,,,,120.88152,24.08037,,https://ezgo.ardswc.gov.tw/_api/content/images/notfound/miss.jpg
南園清心園林休閒農場,,,1985年落成的南園，原為聯合報系創辦人王惕吾先生退休隱居之所，由台灣建築之父漢寶德教授精心設計而成，依山水而建，融合江南庭園、閩式建築、洋樓拱廊之風格，興建動員上百名手藝精湛木工與各方藝師，精雕細琢，成就台灣最為珍貴的檜木建築群。。隱於山林的風貌，曾為台灣款待過許多元首級的人物，諸如前英國首相柴契爾夫人、前蘇聯總理戈巴契夫先生，佔地27公頃的南園，無邊綠意與四周山林相互輝映，為華人世界最大的山中園林 。。2008年冬，The One生活風格品牌投入經營The One南園人文客棧，將新東方人...,,,1150901,1150930,(02)25621777,,305,10004,新埔鎮,照門里九芎湖路32號,,,https://nanyuan.theonestyle.com,121.104252,24.868008,,https://ezgo.ardswc.gov.tw/_api/content/images/agrispots/3025/480x360_南園1.jpg
櫻花溫泉休閒農場,,,簡介。位於省道旁（台七丙）的櫻花溫泉農場，是一處讓生活在忙碌、煩躁、疲憊的您放鬆心情，消除疲勞的好地方。。園區內植有數十種花木、石桌、椅、可供乘涼，夏季有冷泉可戲水，出口泉溫20度。。冬季有溫泉湯屋可泡湯，本處溫泉屬【美人湯】，對於消除疲勞、保養皮膚很有幫助。另外還有可愛動物區讓想過個不一樣假期的您有一個不一樣的體驗。。也有設立涼亭歡迎來此烤肉、戲水。。周邊景點有可以吃地方小吃還有環湖步道的長埤湖風景區、熱門景點清水地熱可以煮溫泉蛋、煮玉米等等、如果想吸收芬多精可以到拳頭姆步道走走、再...,,,1150901,1150930,(03)9894539,,267,10002,大同鄉,復興村泰雅一路73號,,,,121.605295,24.633764,,https://ezgo.ardswc.gov.tw/_api/content/images/agrispots/4175/480x360_153056809_3951167641637092_705969469584707034_n.jpg
石圍墻休閒農場,,,,,,1150901,1150930,(09),,363,10005,公館鄉,福基村6鄰143-3號,,,https://mypaper.pchome.com.tw/kmf230599aw,120.818308,24.477088,,https://ezgo.ardswc.gov.tw/_api/content/images/notfound/miss.jpg
希望之丘休閒農場,,,露營放鬆 放鬆露營。希望之丘休閒農場 被山包圍著 寧靜而清幽。可以露營烤肉奔跑王求攀爬玩水。盡情地享受大自然的自在與放鬆,,,1150901,1150930,(09),,269,10002,冬山鄉,小埤五路331號,,,,121.724610,24.633642,,https://ezgo.ardswc.gov.tw/_api/content/images/agrispots/6600/480x360_E62A9086-5C53-4A33-B6C7-A1FCB35AAC39.jpg
君達休閒農場,,,【君達農場】為本集團的核心產業，以香草農業生技為基礎，推展出多樣化的香草知識、香草生活、天然保養、彩妝、日常用品、紓壓精油&hellip；未來將持續發展預防醫學、輔助性療法、綠產業，藉由香草芳香療法吸取宇宙大自然能量，兼顧體內與體外環保，讓生命回歸最純真、自然、樸實。。「香草種植技術」和「芳香療癒花園建置」為君達農場發展的一大特色，香草種植技術包含了品種篩選，土壤的處理、環境的規劃，芳香療癒花園建置技術包含了專業規劃與建置、專業經營與管理。。目前已成功培育百餘種香草，並與許多單位進行研究合作...,,,1150901,1150930,(03)81291686101,,973,10015,吉安鄉,干城二街95-1號,,,https://www.yinsherb.com.tw,121.544413,23.945835,,https://ezgo.ardswc.gov.tw/_api/content/images/agrispots/702/480x360_439f432623c945bbbf5302fb1ed8eaac.jpg
庄腳所在休閒農場,,,庄腳所在休閒農場。位於宜蘭員山鄉枕頭山休閒農業區是一個兼具教育、休閒與住宿的好所在，從焢窯、戲水、抓魚蝦、摸蜆、夜晚在田園裡BBQ、DIY捏員山魚丸、放天燈等到夜間觀賞火金姑之家，眾多農村體驗、生態活動，讓您通通享受得到。。占地有2000多坪的生態休閒農場，設有果園區、涼亭品茗區、蔬果區，栽種了有五十多種蔬菜及水果、植物等，讓您可以尋獲很多特有的品種喔！另外，可騎著農場給住宿旅客免費提供的自行車自由地穿梭在田間小徑，傍晚時分，趁著夕陽餘暈馳騁過阡陌小徑，去追逐那自在鄉野氣息，呼吸到空氣中散發...,,,1150901,1150930,(03)9222000,,264,10002,員山鄉,枕山村坡城路69-9號,,,https://elfland.org.tw/%E5%BA%84%E8%85%B3%E6%89%80%E5%9C%A8/,121.695116,24.78086,,https://ezgo.ardswc.gov.tw/_api/content/images/agrispots/25324/480x360_agrispots-image-uxrktgqjnkoqzcwu9-ezsg.jpg
獨角仙休閒農場,,,獨角仙休閒農場。獨角仙休閒農場以新鮮牛奶入菜的酥炸鮮奶饅頭、鮮奶火鍋是這兒的特色佳餚，民眾來此可千萬別錯過，尤其酥炸鮮奶饅頭更滿足許多挑食小朋友的胃。。青木瓜燉雞湯、炒台灣嫩山蘇、白斬土雞是老饕來此必點的佳餚，放山土雞的體型雖然較小，但肉質鮮嫩彈Q，沾上一點醬油膏入口，美味無窮。。品嚐滿桌佳餚時，可別忘了拿瓶中埔鄉農會推出的石蓮花果汁，添加鳳梨、奇異果原汁的石蓮花原汁不僅調和了石蓮花汁的寒性，更適合解膩；飯後一杯鮮奶霜淇淋，更讓嘴巴劃下甜美句點。,,,1150901,1150930,(05)2030666,,606,10010,中埔鄉,石硦村15鄰石硦45號,,,https://www.dgc.com.tw/home,120.549259,23.415127,,https://ezgo.ardswc.gov.tw/_api/content/images/agrispots/25173/480x360_agrispots-image-vad0jfngi0ing9bfak3imw.jpg
大富休閒農場,,,,,,1150901,1150930,,,221,65000,汐止區,汐平路2段（北31）約7.9公里處,,,,121.592745,25.083738,,https://ezgo.ardswc.gov.tw/_api/content/images/notfound/miss.jpg
蜜蜂故事館休閒農場,,,養蜂事業歷經家族三代將近80年，每一天，看著大自然透過勤勞合作的蜜蜂，不停地在花間穿梭，所帶給我們人類的禮物是這麼的純淨、自然、營養豐富而珍貴，促使我毅然決然轉型，誓願提供最優質且多元化的蜂產品，讓「蜜蜂故事館Honey Museum」成為最健康快樂、幸福甜蜜的好所在！。體驗活動。1.戶外養蜂場導覽。2.四季蜜釀花草DIY。3.迷戀金盞花香膏DIY。遊覽景點。古坑綠色隧道。劍湖山世界。建議遊程。蜜蜂故事館&rarr；古坑綠色隧道&rarr；劍湖山世界。在地美食。蜂蜜冰淇淋、...,,,1150901,1150930,(08)00828255,(05)5829683,646,10009,古坑鄉,湳子路88號,,,https://www.honeymuseum.com/,0,0,,https://ezgo.ardswc.gov.tw/_api/content/images/agrispots/25573/480x360_agrispots-image-wjbwsvuta0ydkarnut-6wq.jpg
富田香草休閒農場,,,富田休閒農場擁有浪漫歐風氛圍，有夢幻的水上教堂，是網美、網帥必拍景點，也是桃園最有「星味」的農場，知名偶像劇網紅皆來拍攝取景。。園區有景觀餐廳、烤肉區、DIY、等活動場地。。最主要的可愛動物莊園，餵養草泥馬、笑笑羊、跳跳羊、泰迪羊、小驢子、馬，麝香小豬及觀賞雞等，與您做近距離的互動。是拍照也是親子共遊的好去處！。2002年Tomita誕生了，坐落在大溪慈湖旁的小山坳內，場長依照四季花序，打造了美麗的彩虹花田，浪漫的戀人花海，不同的季節展現著不同顏色的氛圍。草地上幸福的地景，精心打造的的人工...,,,1150901,1150930,(03)3872540,,335,68000,大溪區,福安里頭寮一路29巷59號,,,https://www.tomita.com.tw/,121.284528,24.839922,,https://ezgo.ardswc.gov.tw/_api/content/images/agrispots/595/480x360_eb9e6bd5bf5145a1b0376a4a21a09992.jpg
集元果觀光休閒農場(jijibanana集元果觀光工廠),,,位於集集鎮的中心，在好山好水的環境中，更能放鬆自己享受森林浴。在日治時期，日本天皇最愛吃的水果就是&mdash；集集山蕉，因此集集山蕉被日本政府標示「千」字。以代表為最高品質，並賦予集集最高榮譽，但時間久的，人都淡忘了這段輝煌的過去，所以集元果想將這份榮譽繼續的傳承下去．成立的集元果觀光工廠。 。戶外蕉園生態園區。山蕉園區戶外導覽。介紹了山蕉的生長，蕉農的種植方式，以及不一樣品種的香蕉品種。園區種植了。103 中的香蕉在園區裏頭，香蕉分為了&rdquo；觀賞用&rdquo；以及&rdqu...,,,1150901,1150930,(049)2764562,,552,10008,集集鎮,富山里大坪巷38號,,,https://www.jijibanana.net/,120.814269,23.825061,,https://ezgo.ardswc.gov.tw/_api/content/images/agrispots/4865/480x360_bdf34add2d5143ccb3bf3e96761cd4b8.jpg
春田窯休閒農場,,,三代同堂的春田窯，由五十一年次的廖增春從1987年展開，秉持著父親自給自足客家精神的傳承，耕作友善稻米、薑及仙草，兒子種植草莓、妹妹和媳婦打理園區、女兒女婿創作陶藝作品，淺山丘陵環境中一甲八分地，春田窯的紅磚瓦下綠樹竹林為伴，人與環境和諧共存著，交織出一幅美麗的圖畫，「老吾老以及人之老，幼吾幼以及人之幼」孩子與狗在水田邊奔跑、水鳥低飛、老人家吃著自家耕種的菜餚，啜飲一壺茶水，體驗現代生活的友善之美，農業、藝術、環境的關係交疊，屬於臺灣的客家硬頸的精神。窯場內備有陶藝DIY教室、下午茶（擂茶DIY...,,,1150901,1150930,(037)877820,(037)877458,367,10005,三義鄉,雙潭村大坪7號,,,https://www.springkiln.com.tw/index.php?route=common/home,120.799190,24.409357,體驗,https://ezgo.ardswc.gov.tw/_api/content/images/agrispots/149/480x360_jfyazx65ag2dv42va8s5j1u06890seju.jpg
日月潭日月山莊休閒農場-HOHOCHA喝喝茶,,,日月潭日月山莊休閒農場－HOHOCHA 喝喝茶。喝喝茶深耕當地多年，透過合約契作與魚池在地小農穩定長期合作，保障農友辛苦種植成果能夠有所收穫效益，守護發揚魚池鄉及日月潭地區的紅茶文化。一起到Hohocha喝喝茶，從茶樹、茶種、製作開始了解，原來一杯茶可以說出很多故事，背後蘊藏著多少在地小農的奮鬥史。 從傳統到創新，帶您懂知識、喝好茶。。體驗活動。【奉茶體驗】打造舒適的空間環境，坐下來慢慢品嘗日月潭紅茶以及耗時四天滷製而成的紅茶蛋，體驗園區最受歡迎的活動「喝喝茶，吃吃蛋」&hearts；憑...,,,1150901,1150930,(049)2895899,,555,10008,魚池鄉,魚池街443-36號,,,https://www.hohocha.com/,120.934018,23.897168,,https://ezgo.ardswc.gov.tw/_api/content/images/agrispots/1559/480x360_hjv4esazfs4mtjauva1f0cz30j1i0z51.jpg
鄉野沐田休閒農場,,,,,,1150901,1150930,,,264,10002,員山鄉,八甲路15之16號,,,,121.704054,24.728800,,https://ezgo.ardswc.gov.tw/_api/content/images/notfound/miss.jpg
金明昌休閒農場,,,國道3號瑪東系統交流道及62快速道路大埔交流道的開闢，讓前往基隆七堵區瑪陵休閒農業區的遊客不用繞遠路，便能輕輕鬆鬆抵達目的地，而金明昌休閒農場便是位於瑪陵休閒農業區內。農場以往以飼養水鹿、採收鹿茸為主要經營方式，隨著鹿茸品質優良，口碑甚佳，加上近年來農業休閒風氣漸盛，於是陸續增添許多設備，並飼養更多動物，包括錦鯉、白鵝、孔雀、山羊等，以提供前來農場體驗的遊客有更多樣的服務項目。。水鹿農場飼養的水鹿（鹿茸於2月至5月採收）自2005年起迄今，年年榮獲台灣優良養鹿場的聲譽，因此經常吸引遊客前來購買...,,,1150901,1150930,(02)24563667,,206,10017,七堵區,大華二路162之1號,,,,121.688615,25.111277,,https://ezgo.ardswc.gov.tw/_api/content/images/agrispots/80/480x360_669b77fdd4574bcfb19bf42afdafe8ba.jpg
芝林莊園休閒農場,,,,,,1150901,1150930,(08)7703757,,912,10013,內埔鄉,建興路218巷2號,,,,120.564786,22.661938,,https://ezgo.ardswc.gov.tw/_api/content/images/notfound/miss.jpg
雲之谷生態休閒農場,,,,,,1150901,1150930,(09),,823,64000,田寮區,新興村崗南路4號,,,,120.358143,22.848035,,https://ezgo.ardswc.gov.tw/_api/content/images/notfound/miss.jpg
劍門生態花果園休閒農場,,,劍門休閒農場主要種植柑橘類水果柑橘，過年期間除了提供給遊客採收金桔、金棗外，也備有好喝的金桔果汁、金棗果乾、陳皮、金桔蛋給遊客選購享用。。園區也有美麗的花園跟食農教育菜園，讓遊客享受農村美好的風情及開心的時光。。位於大村鄉茄東村的劍門生態花果園，是從1923年即開始從事專業柑桔生產的果園。現在已經家傳四代，目前由61歲的賴柏培及34歲的兒子賴仲由專業經營。。1960年代，中部員林地區盛名遠播東南亞的柑桔及柳丁，在黃龍病的肆虐下，幾乎將盡絕跡。這裡是目前碩果僅存的一個地方，它不但保有傳統的美...,,,1150901,1150930,(09),,515,10007,大村鄉,茄苳村茄苳路2段143巷72號,,,,120.535469,24.009967,,https://ezgo.ardswc.gov.tw/_api/content/images/agrispots/185/480x360_smzf56msd708mrhsae7zvfsjbfzxeexv.jpeg
新社莊園休閒農場,,,『新社莊園』美麗的山水 永恆的莊園。漫步於中古歐風的莊園裡，四周植滿的綠林，隔絕都市水泥的喧囂。山外有山，天外有天，小路的盡頭，往往又是個美麗新世界。。「莊園是文化的傳承」，而「新社」則是在地的精神。步入新社莊園，彷彿置身中古世紀的歐洲，歐式古堡、花園、酒莊&hellip；&hellip；等。悠遊在粗曠的奇岩、原木建築中，徜徉於層巒綠意間，不僅能享受陽光灑落的溫煦及汗水淋漓的快意；在芬多精的沐浴下，不僅撫慰了疲憊的身心，更具有安心定神的療效。。珍貴的綠色森林「台中之肺」。每天清晨，森林中的...,,,1150901,1150930,(04)25825628,(04)25825630,426,66000,新社區,協成里協中街23號,,,https://www.summit-resort.com,120.813346,24.188081,,https://ezgo.ardswc.gov.tw/_api/content/images/agrispots/32400/480x360_agrispots-image-skxrih4e9ugmq7pf-zoidw.jpg
百勝村休閒農場,,,簡介。百勝村休閒農場位於北港溪旁，來到北港村置身於這個四面環山，綠意盎然的山中小聚落，村民有著濃濃人情味。農場主人蘇春賢嚮往自然的農村生活，築起這座世外桃源，是民眾踏青、露營，可以放鬆心情的好地方。。百勝村可席地為寢、露宿於營區，更有六間寬敞的套房，每個窗戶可看到龍盤虎踞的山巒，連綿起伏、雲霧飄渺，如一幅國畫鑲嵌於牆上。黃昏戶外庭院，在遮陽傘涼椅下，看夕陽斜掛，啜一口香醇的百勝村咖啡，聽舞台民歌演唱，晚風徐來，看滿天星斗的蒼穹，這是人生一大樂事。。農場占地10公頃，居高臨下遠眺北港溪的奔驣...,,,1150901,1150930,(049)2461001,(049)2462516,544,10008,國姓鄉,北港村國姓路87-9號,,,https://www.baishengcun.com.tw/,120.908699,24.053683,體驗,https://ezgo.ardswc.gov.tw/_api/content/images/agrispots/205/480x360_20151117172133.jpg
杉林松境休閒農場,,,杉林松境休閒農場。石門客棧名符其實地提供客人舒適用餐、歇腳的環境，除了可體驗採果、擂茶DIY等活動外也經營民宿。玉麗媽媽希望來這裡用餐的客人都有回娘家的感覺。除了水果餐，老客人上門必點「石門東坡」、「桔醬玉米雞」、「四季肥腸」等客家料理。她信心滿滿地說：「家常菜最厲害的地方，就是客人在外面吃了一圈後，還會回頭想念的好味道。」,,,1150901,1150930,(09),,353,10005,南庄鄉,東河村12鄰橫屏背26號,,,,121.041339,24.615121,,https://ezgo.ardswc.gov.tw/_api/content/images/agrispots/151/480x360_20151117143032.jpg
穎達生態休閒農場,,,一望無際，綠色草原， 林蔭深處尋找鳥蹤，。清風徐徐，夕陽斜照， 山巒相伴，勾勒出美麗的一幅畫，。美好的假目時分， 享受這個農場的寬敞與自然。。穎達生態休閒農場。農場位於屏東縣萬巒鄉成德村，就在屏東科技大學旁，面積有7.6633 多公頃，相當廣闊，也保留自然的風貌。農場內規劃了生態保育區、觀賞植物區、造林區、休閒區等空間。農場廣泛植樹，還鋪植草坪、搭蓋果園，因而吸引來自各地的留鳥及候鳥駐足，也成為屏東主要賞鳥的據點之一。 。穎達生態休閒農場。農場位於屏東縣萬巒鄉成德村，就在屏東科技大學...,,,1150901,1150930,(08)7990383,,923,10013,萬巒鄉,成德村新安路52號,,,,120.627565,22.645423,,https://ezgo.ardswc.gov.tw/_api/content/images/agrispots/232/480x360_9d9a560a243b41d0acb3ffa247cdcdc6.jpg
稻香休閒農場,,,位於有「臺灣米倉」之稱的彰化縣，雖然園區內沒有種稻，農場主人取「四周充滿稻香味的稻米之鄉」將農場命名為稻香休閒農場，為了恢復臺灣農村原本充滿生命力、生物多樣化、食物鏈平衡的自然生態系，把家裡原有的葡萄果園，改成生態農場，園區內栽種了各種多元的臺灣原生種植物及各式香草植物，全區不用水泥和柏油，提供大地呼吸的空間，也讓人們可以在此感受到大地的脈動，充份的放鬆蓄養活力。。重現臺灣原生植物生命力。農場主人豐富的學識及關懷農村及生態的熱情，具體的呈現在農場的設施及產品上，目前提供：園區導覽服務、團膳餐...,,,1150901,1150930,(04)8661118,,516,10007,埔鹽鄉,埔鹽村彰水路2段169巷23號,,,,120.476224,24.003170,,https://ezgo.ardswc.gov.tw/_api/content/images/agrispots/3089/480x360_4ef254f1faff41e6b3b604ce10948e11.jpg
斑比山丘休閒農場,,,簡介。起源：在創立者飼養梅花鹿幾年後，感受到梅花鹿此物種的特殊性以及北台灣無可親身近距離接觸的場域。本著原始理念「來看梅花鹿並友善對待」發展，進而在宜蘭縣落腳成立斑比山丘休閒農場，推廣發展梅花鹿觀光體驗。。發展: 斑比山丘在宜蘭成立梅花鹿互動園區，讓北台灣民眾也能近距離認識梅花鹿，同時滿足休閒育樂等多元體驗，打造安全又具有教育意義之特色景點。讓宜蘭縣冬山鄉成為梅花鹿的代名詞，加深遊客印象及建立自我品牌。。門票費用: 全票200元、優待票 50元(優待票對象為6-12歲兒童、65歲以上年長者...,,,1150901,1150930,無，聯絡需透過臉書私訊,,269,10002,冬山鄉,德安村下湖路285號,,,https://www.bambiland.com.tw/,121.743267,24.646871,,https://ezgo.ardswc.gov.tw/_api/content/images/agrispots/6458/480x360_體驗活動5.jpg
吉園休閒農場,,,濃郁柚花香。麻豆以出產美味的文旦及柚子聞名，而麻豆吉園就是一個結合了文旦採摘、校外教學及觀光遊憩的好地方。占地相當寬廣的文旦園，不僅在中秋前後可以採果，在每年3月份還可以看到柚子花開，整園的白色柚子花，彷彿下了場春雪一般，讓看過的人都不經懷念再三。。對吉園的主人梁大哥而言，農產品生產是一個相當重要的環節，園中的一景一物都以能接近果樹為前提，例如尚在規劃中的賞景休息區，即是打算以原木拼接而成，周圍採開放式的空間，讓民眾坐在室內伸手即可碰到外頭的文旦樹，與大自然之間絲毫沒有距離。更因為賞景休息區...,,,1150901,1150930,(06)5727689,(06)5722718,721,67000,麻豆區,南勢里總爺104-1號,,,,120.270826,23.187421,,https://ezgo.ardswc.gov.tw/_api/content/images/agrispots/3245/480x360_118305506_3749440111785273_3595908245366643605_n.jpg
四角林咖啡莊園休閒農場,,,四角林咖啡莊園占地175公頃，位於臺中市東勢區大安溪左岸，有著原始豐富的生態，優美多樣的林相，莊園裡種植上千棵的咖啡樹，在原始無污染、有機驗證的環境中生長，所生產的咖啡豆，風味獨特、品質穩定，並經過多次咖啡評鑑的肯定，成為臺中山城深具特色的咖啡莊園。園區裡原始自然的環境，是螢火蟲的天堂，每年四月至五月夜間，是螢火蟲爆發期，點點螢光照亮山谷，是初夏無與倫比的美麗夜景。莊園中的咖啡樹，與螢共生共存，再再顯示，莊園所生產的咖啡豆是如此純淨、與眾不同，螢火蟲咖啡之名，也因此誕生。咖啡莊園以休閒農場方式經...,,,1150901,1150930,(04)25887161,,423,66000,東勢區,勢林街1號,,,https://www.tcfarmers.org.tw/sijiaolin.php,120.888233,24.289296,,https://ezgo.ardswc.gov.tw/_api/content/images/agrispots/25106/480x360_agrispots-image-mkjhltkpk0mtbxzzbv6wka.jpg
趣漫步休閒農場,,,簡介。旅行就是一種悠然自得的方式去漫步生活。在趣漫步 您可以。在大海的懷抱中入睡。白天可在帳篷內看到椰林擺動的樹影。在戶外可以用身體去感受四季不同的氣候與風情。餐飲服務。1.早餐加購戶外自行煮食。1.黑豆腐鍋加購。3.本地特色餐廳：森食堂用餐享9折。。其他服務：。1.捷安特腳踏車（需向海灣森林精品民宿櫃檯提出租借需求）。2.遊戲租借：飛盤、羽毛球拍組、野餐墊、黏巴球、木製套圈圈、户外抛接球組、沙灘球、親子槌球組、兒童玩沙組（需向海灣森林精品民宿櫃檯提出租借需求）。主題活...,,,1150901,1150930,(08)8866558,,946,10013,恆春鎮,水泉里12鄰樹林路1之10號,,,,120.71338,21.94247,,https://ezgo.ardswc.gov.tw/_api/content/images/agrispots/29992/480x360_agrispots-image-6onzenoafke7pq-q7auuhq.jpg
埔里春天休閒農場,,,,,,1150901,1150930,(049)2991668,,545,10008,埔里鎮,中山路一段188號,,,,120.991881,23.978820,,https://ezgo.ardswc.gov.tw/_api/content/images/notfound/miss.jpg
福灣莊園休閒農場,,,福灣巧克力在大武山腳下友善契作可可果，以多種獨創的工藝技法結合饒富特色的在地食材，透過巧克力向全世界訴說台灣的風土滋味，傳遞從土地到靈魂的生命至美。。於2019年的ICA世界巧克力大賽獲得全球最佳黑巧克力，至今累計超過全球三百餘面獎牌，外銷全球13國。近年致力於友善環境、公益實踐、食安品質等永續目標，並發起公益關懷計畫，支持NPOChannel及眾多公益組織完成諸多募款計畫以及創新的共好代工模式，期許成為翻轉全球可可產業的永續巧克力品牌。。2022年以「永續的巧克力商業模式」獲得日本Good...,,,1150901,1150930,(08)8351555,(08)8322677,928,10013,東港鎮,大鵬里10鄰大鵬路100號,,,https://www.fuwanshop.com/,120.482443,22.458446,餐飲,https://ezgo.ardswc.gov.tw/_api/content/images/agrispots/29954/480x360_agrispots-image-yxqv_a3osuocz6oby6buva.jpg
石頭公園生態休閒農場,,,位於大安溪旁，擁有天然湧泉，有著優良水質及得天獨厚的地理環境，前身為60年代的遊樂園，農場主人葉石頭先生，深感這閒置數年的園區放著實在可惜，決心回台再造石頭公園! 除了積極研究蔬果種植栽培，也陸續著手環境整建工作，園區處處可見60年代老式風華，歲月痕跡成為了攝影師們的最愛，也是影視業者拍片取景之最佳選擇。結合舊有風貌，重新設計的園區景觀，歡迎大家來遊玩! 台中。休閒農場。荷花秘境。攝影基地！教育訓練。活動包場。烤肉野餐。寵物友善!    。👉園區產銷：無籽檸檬、水蜜桃、小黃瓜、 水空心菜&h...,,,1150901,1150930,(04)26839888,,438,66000,外埔區,廍子里廍子路108號,,,,120.676432,24.354006,,https://ezgo.ardswc.gov.tw/_api/content/images/agrispots/2118/480x360_837c4r0qntixek8pjks7y88sasqxpk49.jpg
頭城休閒農場,Toucheng Leisure Farm(頭城休閒農場),,位於宜蘭頭城鎮梗枋山區的頭城農場，由行政院農業委員會、花蓮區農業改良場、宜蘭縣政府及頭城鎮農會共同輔導，農場面積約120公頃，進入頭城農場可由專業人員為您解說活動內容、遊園路線導覽，也可自由參訪。。走過步道欣賞綠意盎然的景色，吸取森林間所散發自然芬多精，沿著小徑走入高處到達景觀平台，在這裡可以眺望整個農場的全景風貌，更可以俯瞰蘭陽八景之一「龜山島」以及浩瀚的太平洋，美不勝收。另外農場內設有蔬菜園區及種植一年四季各種果樹，有百香果、金桔、柑橘、文旦、蓮霧，可讓現代人體驗農村收成採果樂趣、品嚐新鮮...,Yilan&rsquo；s Toucheng Leisure Farm is situated in the mountains facing the ocean. The three rivers streaming through it provide abundant water as well as a natural landscape and rich ecological resources. Here you will see Japanese rhinoceros beetles， Taiwan barbets， common bluebottle butterflies， and fireflies.。With a variety of wild vegetables， such as Brazilian Fireweed and asparagus， and animals， including free-range chickens， Muscovy ducks， boars， and goats， Toucheng Farm is reminiscent o...,,1150901,1150930,(03)9772222,(03)9778688,261,10002,頭城鎮,更新路125-1號,No. 125-1 Gensin Rd.,,https://www.tcfarm.com.tw/,121.849468,24.907147,餐飲,https://ezgo.ardswc.gov.tw/_api/content/images/agrispots/101/480x360_vuzh00bxbfqixmdxzbsugcs7yabh4n7j.JPG
福田園教育休閒農場,,,地約三千坪的「福田園教育休閒農場」，緊鄰陽明山國家公園，海拔高度400公尺，有一條乾淨沁涼的菁礐(ㄑㄩㄝˋ)溪流經園區，園內保有原始的林相風貌，種植許多香草、蝴蝶、昆蟲的蜜源、食草植物，蘊藏著豐富的動、植物總類，山區地形氣候多變，生物多樣性豐富，自然景色隨著季節變換，讓人目不暇給。享受綠色生活不必舟車勞頓，離市區、內科僅僅30分鐘車程，讓您更容易親山近水享受大自然，與孩子共遊共樂享受天倫樂。。福田園教育休閒農場，為台北市第一家合法登記的休閒農場，面積有1.5公頃。農場負責人長久以來就對教育體驗...,,,1150901,1150930,(02)28622145,,111,63000,士林區,菁山路131巷18號,,,,121.568367,25.144520,,https://ezgo.ardswc.gov.tw/_api/content/images/agrispots/84/480x360_ziikm4caycth6kzysnr8wk3bpwngzzr5.png
向陽休閒農場,,,向陽農場占地18000平，為北台灣最大的向日葵主題農場，農場是由一位畢業於國立屏東科技大學農園生產技術系的年輕人所成立，由於對園藝及土地的熱愛，所以成立向陽農場，從事向日葵切花生產，希望由此實現自己的夢想！。體驗活動。手做活動DIY、採摘洛神花DIY(季節限定)、拔蘿蔔DIY(季節限定)。在地美食。7月~9月 夏季限定: 蓮花餐饗宴。從蓮藕、蓮子、蓮蓬、蓮梗到蓮葉各部位，整株都可食用的特性，研發出蓮花風味餐。。伴手禮與農特產。向日葵花茶、葵花籽冰淇淋、葵花籽鬆餅、葵花雞蛋糕、葵花茶...,,,1150901,1150930,(03)4971202,,328,68000,觀音區,藍埔里11鄰52號,,,http://www.sun-green.com.tw/,121.111642,25.007832,,https://ezgo.ardswc.gov.tw/_api/content/images/agrispots/5959/480x360_qsuwxhni6a8g4w5wn2zdpwe9b8tj9jth.jpg
大溪花海休閒農場,,,大溪花海休閒農場現址位於草嶺山，緊臨慈湖，是一個圓錐狀的玄武岩火山小丘，由於其中含有高量的鹼金屬與鹼土金屬，因而被稱為鹹性玄武岩。生成的年代大約只有十餘萬年前，比起其下被覆蓋的上新世沈積岩盤年輕許多，是沈積岩形成並出露於地表之後才噴發的火山體。。現有主題建築，前身是一座茶葉製造工廠，大約在民國五十四年左右設立，當時業主開始購入製茶機器設備，自行經營栽種，早期曾經種過南洋種的阿薩姆，後續則轉作日本抹茶並外銷日本，算來已歷經將進四十年頭，目前本園入口處尚保有一小區茶樹以供紀念。現址因土壤肥沃氣候溫...,,,1150901,1150930,(03)3880801,,335,68000,大溪區,復興路一段1093巷29號,,,https://www.tasheeblmn.com.tw/index.php?lang=tw,121.291208,24.842320,,https://ezgo.ardswc.gov.tw/_api/content/images/agrispots/30270/480x360_agrispots-image-qi6098j3gksrz07ckrfwvw.jpg
枋山休閒農場,,,聽!那海的聲音!。芒果咬一口，。甜漬在心頭。。吃一口蜂蜜，。嚐一口甜蜜。。再訪枋山，只帶走......。滿心的回憶。。恣意享受大自然的合奏曲。枋山休閒農場，台一線452.5 公里處，坐落在半山腰的農場，背山面海的景色，遠眺大海的湛藍，南臺灣的海岸風光盡收眼底！耳邊傳來蟲鳴與鳥叫的合奏曲，是一個可以沉靜心靈、讓您重新認識大自然美好的地方。。四月的枋山，也是芒果的收成好時節，枋山以愛文芒果為主要經濟產物，在住山聽海的絕佳環境中，枋山所產的愛文芒果也十分誘人，而枋山觀光休閒農場便以觀...,,,1150901,1150930,(09),,941,10013,枋山鄉,國中路3號,,,,120.661050,22.263343,,https://ezgo.ardswc.gov.tw/_api/content/images/agrispots/3308/480x360_cb221d0c1b624970976367b820549dc8.jpg
東遊季休閒農場(東遊季養生美食餐館),,,台東知本是著名的溫泉村，進入知本溫泉區，即可看到由台東縣農會經營的「東遊季溫泉度假村」，園區占地十多公頃相當廣闊，擁有大片綠地讓遊客可以無拘無束的徜徉在寧靜的山谷森林浴中，還有住宿區、田媽媽餐廳、露營區、烤肉區、以及養生溫泉等，泡在露天浴池觀看滿天繁星，或是享受大眾溫泉、山泉泳池與SPA水療設施等，讓人完全放鬆。。東遊季是溫泉區裡唯一的田媽媽養生餐廳，田媽媽們靈活運用台東各地的特色食材，包含：金針、洛神、薑黃，還有成功漁港直送的新鮮海產，料理出滿滿一桌好菜是東遊季養生美食餐廳最大的特色。。薑...,,,1150901,1150930,(089)516111,(089)516219,954,10014,卑南鄉,溫泉村溫泉路376巷18號,,,https://www.toyugi.com.tw/,121.019704,22.696209,,https://ezgo.ardswc.gov.tw/_api/content/images/agrispots/25809/480x360_agrispots-image-o3jzjwfic0gthupwpoaljq.jpg
向禾休閒農場(向禾休閒漁場),,,鰲鼓濕地為台灣嘉義縣東石鄉鰲鼓村沿海的濕地 ，目前為交通部觀光局 「雲嘉南濱海國家風景區 」與行政院 核定之台灣沿海地區自然環境保護計畫「彰雲嘉沿海保護區計畫 」之一般保護區，該濕地的管理單位為臺灣糖業股份有限公司 嘉義區處，位置為於北港溪出海口南側，東自造林區起，西至事業海堤止，北自北港溪 南堤防起，南至六腳 大排堤防止，包括北邊的保安林及南邊的沼澤 區。。鰲鼓濕地的大小約為1，500公頃，約相當於台北市大安區 的大小，為台灣最大、全球第七大的濕地。由於先天環境條件，鰲鼓濕地具有相當多樣的...,,,1150901,1150930,(05)3600959,(05)3600302,614,10010,東石鄉,鰲鼓村12鄰四股67之6號,,,http://www.aogu.com.tw/index.php,120.148785,23.507773,,https://ezgo.ardswc.gov.tw/_api/content/images/agrispots/25012/480x360_agrispots-image-jv8pwforzkkibwp92i19aq.jpg
老爹生態教育休閒農場,,,,,,1150901,1150930,(09),,606,10010,中埔鄉,深坑村內灣2鄰9-1號,,,,120.451601,23.399244,,https://ezgo.ardswc.gov.tw/_api/content/images/notfound/miss.jpg
花與綠休閒農場,,,,,,1150901,1150930,,,540,10008,南投市,彰南路1段1巷100弄12號,,,,120.68486,23.88206,,https://ezgo.ardswc.gov.tw/_api/content/images/notfound/miss.jpg
富興休閒農場,,,在花東縱谷搭乘幸福小火車 悠遊酋長鳳梨的故鄉。舊名「溪仔底」的富興社區，位於花東縱谷內瑞穗鄉，導航搜尋「花蓮瑞穗富興社區鳳梨公園」，循著193縣道，很容易就可以到達充滿芳甜果香的「富興休閒農場」。。富興社區自 1930 年代，因光復糖廠設立，開始種植甘蔗，接著鳳梨工廠設立，頓時鳳梨成為村子主要的收入。後來隨著台鳳公司關廠，鳳梨種植也跟著式微。。直到1980 年代台灣經濟起飛，鳳梨諧音為「旺來」，加上先端冠芽發達色艷，果實小的鳳梨花，在供桌上花果並茂，成為祭拜時的亮點，於是鳳梨田再度崛起復甦...,,,1150901,1150930,,,978,10015,瑞穗鄉,富興村8鄰富興73之1號,,,,121.386929,23.583722,,https://ezgo.ardswc.gov.tw/_api/content/images/agrispots/43391/480x360_agrispots-image-8wbmdhcx6ugkqairdcx1mw.jpg
隆泉莊園休閒農場(停業中),,,規劃有機蔬菜園區及梅子果園，提供民眾農事體驗、有機餐飲體驗課程以及一日遊或多日遊遊程。。【圖片為農場動物之示意圖。如欲安排前往建議事先電話聯繫確認】,,,1150901,1150930,(03)4112777,,325,68000,龍潭區,佳安里4鄰淮子埔路138巷58-1號,,,,121.244087,24.855522,,https://ezgo.ardswc.gov.tw/_api/content/images/agrispots/1413/480x360_20200325-31.jpg
大丹休閒農場(停業中),,,,,,1150901,1150930,,,305,10004,新埔鎮,汶水坑132-1號,,,,121.142573,24.867040,,https://ezgo.ardswc.gov.tw/_api/content/images/notfound/miss.jpg
米棧壹零捌休閒農場,,,,,,1150901,1150930,,,974,10015,壽豐鄉,月眉村1鄰月眉六段19之15號,,,,121.537438,23.836807,,https://ezgo.ardswc.gov.tw/_api/content/images/notfound/miss.jpg
蘇家莊園休閒農場,,,,,,1150901,1150930,,,335,68000,大溪區,福安里3鄰復興路一段997號,,,,121.288385,24.841902,,https://ezgo.ardswc.gov.tw/_api/content/images/notfound/miss.jpg
壹甲田休閒農場,,,,,,1150901,1150930,,,367,10005,三義鄉,雙潭村15鄰崩山下32之5號,,,,120.810039,24.384159,,https://ezgo.ardswc.gov.tw/_api/content/images/notfound/miss.jpg
沐麓休閒農場,,,,,,1150901,1150930,,,946,10013,恆春鎮,大光里9鄰貓鼻頭路101號,,,,120.740194,21.929886,,https://ezgo.ardswc.gov.tw/_api/content/images/notfound/miss.jpg
亞馬遜生態休閒農場(停業中),,,【屏東恆春．秘境生態樂園】。隱藏在南國陽光下的夢幻樂園，帶您遠離塵囂、親近自然。。生態觀察樂趣：。站在湖畔望遠鏡前，靜靜欣賞水鳥、水鴨與季節候鳥在淡水湖中自在覓食，彷彿進入亞馬遜的野生世界。。打卡美拍熱點：。步入蜿蜒石棧道，沉浸在大自然的懷抱中，每一幀都是如詩如畫的獨家回憶。。悠閒午後時光：。走累了，就到園區咖啡區小憩一會，聽風、聞花香，享受靜謐的片刻。。露營體驗加分：。夜晚降臨，在星空下搭起帳篷，伴隨蟲鳴入眠，享受遠離都市的純粹寧靜。親子共宿、情侶露夜，皆能留下難忘回憶。。...,,,1150901,1150930,(08)8880779,,946,10013,恆春鎮,山腳里恒南路3之1號,,,,120.745497,21.985085,,https://ezgo.ardswc.gov.tw/_api/content/images/agrispots/32808/480x360_agrispots-image-g0td353zleevm0k9adlxuq.png
碧候休閒農場,,,,,,1150901,1150930,,,272,10002,南澳鄉,金岳村金岳路190號,,,,121.779024,24.474967,,https://ezgo.ardswc.gov.tw/_api/content/images/notfound/miss.jpg
森密境休閒農場,,,,,,1150901,1150930,(02)26720888,,237,65000,三峽區,有木里106之8號,,,,121.436493,24.863882,,https://ezgo.ardswc.gov.tw/_api/content/images/agrispots/32061/480x360_agrispots-image-qrxldxowgec-muff9y78la.jpg
莫內花園休閒農場,,,,,,1150901,1150930,(09),,268,10002,五結鄉,大吉村1鄰大吉一路79號,,,,121.801021,24.690481,,https://ezgo.ardswc.gov.tw/_api/content/images/notfound/miss.jpg
淡水小奈良休閒農場,,,園區有12種動物可以餵食互動，還有兒童遊樂區有沙坑、積木滑車、釣魚、漂漂河、玩水、抓泥鰍、撈金魚。,,,1150901,1150930,(09),,251,65000,淡水區,屯山里石頭厝3號之8,,,,121.458237,25.234053,,https://ezgo.ardswc.gov.tw/_api/content/images/agrispots/32022/480x360_agrispots-image-neec-nwo1uge_tthd9k2sa.jpg
揚昊休閒農場,,,坐落於苑裡通往三義的130縣道旁，緊鄰人氣景區綠意山莊內。。農場不僅有著美麗的景色，還提供了多樣化的體驗活動。適合親子一起的手作麻糬、粿食、藺草編織，以及農場專屬的動物導覽體驗活動，適合全家大小及寵物同遊。。藺香麻糬DIY及動物導覽互動餵食活動。藺香麻糬DIY是全台首創，結合苑裡在地藺草產業及米食文化的體驗活動，是您來訪綠意山莊不可錯過的體驗，現做現搗現吃！動物導覽互動餵食活動-農場為合法動物展演場域，有許多可愛的小動物，導覽員會先帶您認識園區內的動物，隨後與動物們進行近距離互動餵食，快來...,,,1150901,1150930,(037)747711,,358,10005,苑裡鎮,蕉埔里蕉埔86之7號,,,,120.735021,24.405753,,https://ezgo.ardswc.gov.tw/_api/content/images/agrispots/29747/480x360_agrispots-image-trvjvn7c_esjcf9uzjw7pw.jpg
海灣星空休閒農場,,,簡介。不一樣的騎馬感受，穿梭在森林間的神秘與刺激感，享受大自然的環抱與接觸，是一個很棒的休閒活動。。有多久沒有跟三五死黨，親戚好友恣意地徜徉在原野中，享受和風徐徐的輕撫臉上的感覺!?。全副武裝的英式騎馬是一種英倫紳士風，而西部牛仔式的騎馬則是一種帥氣灑脫的感覺。酷酷馬給您的則是兩者兼具，完整配套式的野外騎乘。。騎馬不僅是休閒、藝術，更是一門結合騎師、騎術與馴馬的深奧學問。 酷酷馬野外騎乘場位於桃園蘆竹大古山。。大古山，早期稱為大崙尖，海拔僅151公尺，此區因無高山阻擋，即使海拔不高，仍...,,,1150901,1150930,(09),,338,68000,蘆竹區,小古山路38號,,,https://cool2horse.com.tw/,121.290704,25.102879,,https://ezgo.ardswc.gov.tw/_api/content/images/agrispots/1305/480x360_53e57cfcd9a043d88188da3b9c1bec71.jpg
龍潭快樂休閒農場,,,,,,1150901,1150930,(09),,325,68000,龍潭區,成功路377巷46弄155-1號,,,,121.227737,24.883689,,https://ezgo.ardswc.gov.tw/_api/content/images/notfound/miss.jpg
臺南鴨莊休閒農場,,,「台南鴨莊休閒農場」位於台南官田，是祖傳三代的養鴨人家，生產各種皮蛋、鴨蛋等。老闆蘇清發養鴨超過一甲子，利用從父親身上學到養鴨的知識，積極地擴展養鴨事業，並且研發鴨蛋加工產品，推出的皮蛋、鹹蛋、酒香蛋等鴨蛋製品不但成為鴨莊的最佳伴手禮，也是菜單上的最佳開味菜。。加入田媽媽體系後，台南鴨莊發展成休閒農業園區，採用自家所養的鴨子推出許多鴨肉家常料理，滿足遊客們旺盛的味蕾。此外，他也將農場開放給學童們，從事戶外教學農村體驗活動，有鴨蛋教室、鴨蛋DIY及可愛淘鴨彩繪等趣味體驗，是小學生戶外教學的一個好...,,,1150901,1150930,(06)6901101,(06)6903901,720,67000,官田區,渡拔里三塊厝178-1號,,,https://www.tainanduckfarm.com.tw/,120.338286,23.173516,體驗,https://ezgo.ardswc.gov.tw/_api/content/images/agrispots/25802/480x360_agrispots-image-jpglharow0gzb1liaz1tmw.jpg
福至軒休閒農場,,,,,,1150901,1150930,,,904,10013,九如鄉,九明村14鄰九明街126號,,,,120.480870,22.727629,,https://ezgo.ardswc.gov.tw/_api/content/images/notfound/miss.jpg
悠田休閒農場,,,,,,1150901,1150930,,,912,10013,內埔鄉,水門村11鄰忠孝路280號,,,,120.639175,22.705293,,https://ezgo.ardswc.gov.tw/_api/content/images/notfound/miss.jpg
快樂町休閒農場,,,,,,1150901,1150930,,,946,10013,恆春鎮,南灣里13鄰南光路8號,,,,120.755651,21.970079,,https://ezgo.ardswc.gov.tw/_api/content/images/notfound/miss.jpg
甲仙印象之丘休閒農場,,,,,,1150901,1150930,,,847,64000,甲仙區,西安里和南巷97號,,,,120.588350,23.0727,,https://ezgo.ardswc.gov.tw/_api/content/images/notfound/miss.jpg
山籟休閒農場,,,,,,1150901,1150930,,,364,10005,大湖鄉,栗林村內雙坑5號,,,,120.833693,24.373984,,https://ezgo.ardswc.gov.tw/_api/content/images/notfound/miss.jpg
春波綠休閒農場,,,,,,1150901,1150930,,,616,10010,新港鄉,南港村4鄰南港117之120號,,,,120.313279,23.553785,,https://ezgo.ardswc.gov.tw/_api/content/images/notfound/miss.jpg
蘭欣辣汗花果休閒農場(田媽媽蘭欣食坊),,,★ 親子觀光農場 ★ 景觀餐廳 ★ 優質民宿 ★無毒溫室 ★DIY手作體驗 ★食農教育 ★ 環境教育。枋寮美食｜枋寮景點｜親子共學｜網美景點｜民宿。「讓爸爸安心當廢物、媽媽開心當貴婦，家中小惡魔解封開心玩」。「你以為我在遊戲，其實我在學習；你以為我在學習，其實我在享樂趣；你以為我在享樂趣，其實我在累積能力」。「好吃、好看、好拍、好玩，小朋友才選擇，我們全都要」。蘭欣辣汗花果休閒農場源起蘭欣山莊，蘭代表女主人，欣代表男主人，農場主人戴大哥從民國90年起於此地開疆闢土，從生產山蘇嫩葉供應市...,,,1150901,1150930,(08)8717370,,940,10013,枋寮鄉,中正大路666-8號,,,https://www.lansin-villa.tw/,120.602304,22.375536,,https://ezgo.ardswc.gov.tw/_api/content/images/agrispots/25829/480x360_agrispots-image-wt9fnejhjkeikwuos4vycq.jpg
曦之麗休閒農場,,,,,,1150901,1150930,,,326,68000,楊梅區,楊梅照門道路,,,,121.147664,24.887924,,https://ezgo.ardswc.gov.tw/_api/content/images/notfound/miss.jpg
麟山鼻休閒農場,,,,,,1150901,1150930,,,253,65000,石門區,下員坑15號,,,,121.521283,25.27841,,https://ezgo.ardswc.gov.tw/_api/content/images/notfound/miss.jpg
劉文順休閒農場,,,,,,1150901,1150930,,,646,10009,古坑鄉,桂林村1鄰桂林1-60號,,,,120.606642,23.613065,,https://ezgo.ardswc.gov.tw/_api/content/images/notfound/miss.jpg
觀山休閒農場,,,,,,1150901,1150930,,,940,10013,枋寮鄉,隆山村24鄰隆山路287號,,,,120.602997,22.366827,,https://ezgo.ardswc.gov.tw/_api/content/images/notfound/miss.jpg
烏樹林休閒農場(烏樹林從前從前)(停業中),,,介紹。烏樹林Before其實就是烏樹林B4的諧音，B4=book(書店)+beer(精釀啤酒)+bed+breakfast(民宿)。店內一樓是間獨立書店，將店主精心挑選的書籍讓旅人在旅途中也能感受濃濃書香氣息。店內也販賣國外進口精釀啤酒，讓你品嘗不同風味的啤酒風情，也讓微醺的你能一夜好眠。二樓的部分是客人享用早餐的空間，也將會是店主舉辦各式藝文講座或烹飪課程的空間，可以使旅人在旅途收穫更為豐富。三四樓就為旅人住宿空間，五間完全不同風格的房間讓你下次還想嘗試不同房型。店主同樣是烏樹林花園餐廳老闆...,,,1150901,1150930,(09),,325,68000,龍潭區,龍平路115巷138弄76號,,,,121.218167,24.889357,,https://ezgo.ardswc.gov.tw/_api/content/images/agrispots/6481/480x360_20200325-33.jpg
雲頂休閒農場(停業中),,,雲頂休閒農場。雲頂休閒農場藏身於桃園市龍潭的山上，所在之處能夠環景180度舒適視野，三個時段皆有不同景色，天氣晴朗時可直接遠眺台北101，夕陽西下時，火紅的太陽渲染了雲海，讓藍天白雲慢慢的呈現出橘黃色，而夜晚能夠欣賞城市璀璨燈火！。餐點。除景觀外，雲頂休閒農場也提供各式美味餐點，下午茶、精緻排餐、義大利麵、小火鍋、炸物點心、各式飲品、甜點，且餐點皆是店家當天手做，不是調理包！不限用餐時間、沒有收服務費，有機會可以前往享受美景及餐點！,,,1150901,1150930,(03)4797688,,325,68000,龍潭區,楊銅路二段562巷120號,,,,121.189043,24.865763,,https://ezgo.ardswc.gov.tw/_api/content/images/agrispots/1660/480x360_IMG_5544(2).jpeg
香草山樂齡休閒農場(停業中),,,,,,1150901,1150930,(09),,621,10010,民雄鄉,豐收村15鄰好收1之52號,,,https://www.dreamaa.com/,120.458398,23.571017,,https://ezgo.ardswc.gov.tw/_api/content/images/agrispots/1301/480x360_af7826919a29471f8833358733fcc557.jpg
秀芳園休閒農場,,,,,,1150901,1150930,,,971,10015,新城鄉,康樂村1鄰康樂路7、7-1號,,,,121.602995,24.041247,,https://ezgo.ardswc.gov.tw/_api/content/images/notfound/miss.jpg
學橋教育休閒農場(停業中),,,學橋教育休閒農場。學橋教育休閒農場是以親子、家庭、團體、及寒暑假營隊體驗營為主的農場，在老師及主人對於人文、自然環境的深度導覽下，訪客可先從農場正前方的台灣島生態池「環台一周」認識起，再沿著右方的草坪及生態步道一路探索植物與自然共存的生態，可觀察到樹梢間築巢育鳥的夜鷺、朱鸝、烏頭翁等鳥類。途中經過冷泉小溪，夏天小朋友可以光腳溯溪，親自體驗溪水劃過腳間的快感。。穿過花園迷宮，來到農場主人精心設計的大地遊戲草原，可讓您親身體驗高爾夫推捍及盡情奔跑的樂趣。原野體能遊戲場，數十米的鑽籠、各式的繩橋，...,,,1150901,1150930,(08)7377758,,912,10013,內埔鄉,隘寮村4鄰清涼路一段148號,,,,120.622091,22.692250,,https://ezgo.ardswc.gov.tw/_api/content/images/agrispots/236/480x360_20160114163810.jpg
大鴕家觀光休閒農場(停業中),,,大鴕家觀光休閒農場。我是一隻大大鳥， 跑得快、長得高， 但有些害羞、 一點內向，。只要你為我打開心門， 我願意為你展翅飛翔。。鴕鳥王國盡在大鴕家。在屏東縣鹽埔好山、好水之地，大鴕家觀光休聞農場是經濟部輔導的駝鳥牧場，從孵蛋到小鴕鳥出生到鴕鳥成長，都可 以在此參觀，還裡，不僅是鴕鳥養殖，還有種鳥養殖、駝鳥肉品買賣、能鳥美食推廣與研發，以及鴕鳥相關產品、製作、 開發、銷售。。來到大鴕家，全程提供免費入園，還可親自餵食鴕鳥，當鴕鳥園的主人，教旅客如何當鴕鳥達人，大鴕家不僅只是一間駝鳥園而已，...,,,1150901,1150930,(08)7931786,,907,10013,鹽埔鄉,鹽中村民富路86號,,,https://www.mollom.com.tw/,120.586667,22.745512,,https://ezgo.ardswc.gov.tw/_api/content/images/agrispots/249/480x360_a7d362fa27d6471b9bdb2ca806f03424.jpg
石板屋休閒農場,,,,,,1150901,1150930,(08)7990311,,903,10013,瑪家鄉,佳義村泰平巷5-28號,,,,120.631128,22.653527,,https://ezgo.ardswc.gov.tw/_api/content/images/notfound/miss.jpg
勝洋休閒農場,,,勝洋休閒農場。本休閒農場為全國最大的專業水草植栽場，有水族魚類數十種、水生植物四百餘種，批發至全國水族館，外銷遠至日本、加拿大、中國大陸、德國等。為服務更多朋友，勝洋更積極轉型朝生態農場發展，空間寬敞、自然田園風光之園區，適合遊客在此遊憩，品嚐特有的水草大餐，體驗DIY資料再利用。。門票：。$100/人，100cm以下幼兒免費入園（門票可全額折抵園區消費，部分商品除外）。營業時間。農場休閒區：09：00 &ndash； 17：00。水草餐廳：11：00-18：00。公休日:。農曆...,,,1150901,1150930,(03)9222487,(03)9231814,264,10002,員山鄉,八甲路15-6號,,,,121.705406,24.727986,體驗,https://ezgo.ardswc.gov.tw/_api/content/images/agrispots/2971/480x360_793c0d9840954ea9b0c6b6ffbb697429.jpg
東螺溪休閒農場,,,東螺溪休閒農場位於彰化縣二林鎮的東螺溪（舊濁水溪）畔，由一片荒廢的蘆筍園、廢棄的鴨母寮改建造成現在休閒農場之場域。運用農村田園景觀、自然生態環境資源，以休閒農業之經營方式，結合農村生活文化，讓來這裡遊玩的遊客，回憶兒時居住在農村的生活，也讓我們的下一代了解農村生活的樂趣。著重於農業體驗遊程，相當適合舉辦戶外體驗活動。為凸顯在地文化特色，逐漸將具農村風味活動包裝為套裝行程，包含焢窯、推石磨、米食手做DIY體驗、拔菜體驗、薑黃染布、農村稻草人娃娃特色DIY及紮稻草人等特色活動，提供各年齡層、各方社會...,,,1150901,1150930,(09),,526,10007,二林鎮,二溪路七段2巷臨1201號,,,https://www.dongluo.com.tw,120.412509,23.995178,體驗,https://ezgo.ardswc.gov.tw/_api/content/images/agrispots/25514/480x360_agrispots-image-yccia4_i2ucrw470wz1xhw.jpg
廣興休閒農場,,,廣興休閒農場。因喜愛旅遊，進入農場即可看到許多農場主人旅遊世界各地的珍藏物品，其中中國古典二人房中的擺設皆是農場主人私家珍藏，而且每間房間設計都是老闆夫婦的精心傑作。不同於其他民宿或休閒農場狹隘空間，農場主人堅持內部要有廣大的空間，就是希望讓遊客可以盡情互相交流，還體貼的準備舒壓花茶及卡拉OK讓遊客品嚐及盡情歡唱。。本休閒農場取得台灣休閒農場服務認證，詳細資訊請參考「台灣休閒農場服務認證官方網站」：。http://sqc.taiwanfarm.org.tw/index.php/easter...,,,1150901,1150930,(03)9513236,(03)9513946,269,10002,冬山鄉,柯林村光華三路132巷12號,,,https://test.pigs.com.tw/,121.734287,24.683837,體驗,https://ezgo.ardswc.gov.tw/_api/content/images/agrispots/2954/480x360_發光生態瓶DIY.jpg
阿里磅生態休閒農場,,,由於工業化與城鎮化的風潮席捲各地，許多台灣原有的自然風貌日漸流失。1990年代後期，出生於北海岸的王德昌老師牽頭發起，秉持｢與其積累財富，不如為後人保留一方自然的土地｣的理念，數十個家庭集資購地，成立了阿里磅生態農場。。原本的構想是號召一千個家庭，部分經費購地，部分經費則用於基礎建設和營運基金，後適逢1999年的集集大地震，台灣環境與社會受創，進度因而停擺。所幸後來有少數朋友負擔了較高比例的額度，才如願擁有了占地10.3公頃的農場基地。。園區內原有的低窪處，形成數個相鄰的大小池塘，除了繼承早...,,,1150901,1150930,(02)26382745,(02)26232016,253,65000,石門區,阿里磅84號,,,https://www.albeecofarm.com/,121.583295,25.264314,體驗,https://ezgo.ardswc.gov.tw/_api/content/images/agrispots/95/480x360_ksdx913v8rfhb6ftb5mvyxhdmsa4d0jw.jpg
武岫休閒農場,,,「武岫休閒農場」位於南投縣鹿谷鄉，數十年來以經營茶圃/茶葉為業，在鹿谷擁有專屬茶園及１０公頃的孟宗竹林。。近年來集合國內產、官、學齊力不斷精進製窯燒炭技術，以提供高品質的孟宗竹炭原料及相關製品為最主。。農場結合自然景觀、生態環境及竹產業文化，並提供竹炭製程導覽及當地特色美食、幸福手作DIY 、竹林茶席、竹林生態步道&hellip；.等，希望能讓來到這裡的遊客，都能對「孟宗竹」以及其豐富的生活應用有更深一層的了解。。在政府大力推動農產業再造文化中，由行政院農委會、工業研究院、南投縣政府、屏東...,,,1150901,1150930,(049)2676262,(049)2677117,558,10008,鹿谷鄉,竹林村田頭巷35-66號,,,http://www.wuxiu.com.tw/,120.761123,23.718824,體驗,https://ezgo.ardswc.gov.tw/_api/content/images/agrispots/199/480x360_nm0jpwcsaud1bct9hyxii2082e4nxkrz.JPG
台一生態休閒農場,,,簡介。位於台灣中心南投埔里，臨近日月潭合歡山；。座擁40000坪花園綠地，。感受四季大地風情與變化萬千的自然風貌，。環抱在山巒浪漫的悠閒生活，。享受晨曦晚景的甯謐美景。。金黃落雨松下潺潺溪水流過，水畔的是刷上繽紛色彩與精緻花卉相互襯托的江南風小木屋群，銀河水道、花卉驛站、熱帶雨林、蛙鳴濕地，野薑花濃郁的香氣被風飄得淡雅悠遠&hellip；&hellip；將綠色產業與浪漫休閒合而為一的「台一生態休閒農場」，不僅有遍布海拔五百至兩千三百公尺的十個農業分場、是全台蔬菜種苗和花卉產值第一的農...,,,1150901,1150930,(049)2997848,(049)2900037,545,10008,埔里鎮,中山路一段176號,,,https://www.taiifarm.com/,121.006338,23.978067,餐飲,https://ezgo.ardswc.gov.tw/_api/content/images/agrispots/25555/480x360_agrispots-image-2p8bgrw3yeuuwzsxhqprig.jpg
沐心泉休閒農場,,,來到沐心泉可以享受以大自然為伍的樂趣，沿著園區設計的木階，漫步在環花步道旁，能欣賞百花爭豔的美景，一年四季花開不斷，2到3月是櫻花季、4到5月是螢火蟲季及油桐花季、5到8月是金針花季、12月可賞白雪木，還有玉桂樹、野薑花、角莖野牡丹、槭樹等，讓人流連忘返。想一飽眼福的遊客不必在舟車勞頓跑去花東賞金針花，在這也能見到金針花海。一般金針花的花期僅短短2個月，在沐心泉老闆黃大哥運用園藝所學，硬是將花期延長至4個月，讓5月到8月想賞花的遊客都能滿足需求，金針花季前來，還能嚐到金針花入菜的滋味呢！。若是...,,,1150901,1150930,(04)25931201,,426,66000,新社區,中和里中興街60號,,,http://0425931201.mmmtravel.com.tw/#menu_rwd,120.846863,24.149025,體驗,https://ezgo.ardswc.gov.tw/_api/content/images/agrispots/176/480x360_64bvvv4bkpz97w56qi73960eds4m4gr7.jpeg
大菁休閒農場,,,位於基隆暖暖山區的大菁休閒農場，占地約有600坪左右，這裡曾經是梯田茶園，處於兩座高山之山谷間的特色，以及長年濕冷的氣候，在在讓這裡的大菁植物充滿活力。大菁又可稱為馬藍，以目前最常見的4種藍染植物來說，大菁是顏色飽滿、品質最優，且最具實用性的藍染原料；雖然現今已出現進步的化學染劑，但這種充滿古早味的靛藍色，仍然廣受現代人的喜愛。。在大菁休閒農場裡，旅人可以獨創屬於自己風格的手提包、桌巾、手機套等各類實用布料，尤其遇上好天氣的時候，更可加快藍染的製作速度。而在等待染布乾躁的同時，旅人可以先到大菁...,,,1150901,1150930,(02)24572869,,205,10017,暖暖區,東勢街100-1號,,,,121.757312,25.071178,,https://ezgo.ardswc.gov.tw/_api/content/images/agrispots/83/480x360_20160118134948.jpg
蓮荷園休閒農場,,,農場主人從小務農，當兵後從事鐵工相關行業，隨著年紀增長，在民國88年時決定將自家長年休耕的土地打造成花園，一點一滴建造出現在的蓮荷園休閒農場。園主夫婦好客熱情，因此每逢荷花盛開的時節，總是有許多遊客慕名前往。。蓮荷園的園區面積雖只有2公頃，園內蓮花品種卻非常豐富，有大賀蓮、娃娃蓮、建蓮、九品香水蓮、萍蓬草、牡丹蓮、大灑錦等。片片蓮田間有錦屏藤步道、瓜棚步道及木板橋貫穿數個小蓮田，使遊客能近距離欣賞各處盛開的蓮花。蓮田旁亦種有翠蘆莉、天堂鳥、野薑花及各式香草植物及藥草植物，點綴得園內亮麗繽紛。...,,,1150901,1150930,(03)4776972,,328,68000,觀音區,藍埔里金華路690號,,,,121.115828,25.012960,,https://ezgo.ardswc.gov.tw/_api/content/images/agrispots/25400/480x360_agrispots-image-yko5lilzbeqlfvlqamcpiw.jpg
花露休閒農場,,,簡介。【花露花卉休閒農場】曾經是日本零式戰鬥機機場，如今油桐、茶樹迷人搖曳，迷迭萬里飄香，「花露花卉休閒農場」是苗栗卓蘭山丘上的一方花園，至於「香草能量花園」和「精油故事館」，則是將香草精油產業與休閒農業結合的成果，不僅能讓人大吸一口能量滿滿的芬芳，更能使來客在故事館中觀看客家文物、一覽精油事業在台灣的前世今生。。花露農場位於苗栗縣卓蘭鎮水果之鄉，農場內四季都有主題性的花季可供賞玩：。蘭花館（全年）。聖誕紅花季（11月-2月）。繡球花季（3月-6月）。柳葉馬鞭草季（5月-9月）。除...,,,1150901,1150930,(04)25893280,,369,10005,卓蘭鎮,西坪里43-3號,,,http://flowerhometw.com/?lang=tw,120.826167,24.333245,體驗,https://ezgo.ardswc.gov.tw/_api/content/images/agrispots/148/480x360_DSC_7283.jpg
林家古厝休閒農場,,,林家古厝是棟紅磚堆砌的三合院建築，它沉穩的矗立在雖風搖影的竹叢前。離古厝不遠處是一大片又一大片的蓮田，新生的蓮花正沉默的綻放著。古厝有百年的歷史，不只訴說著世代務農的林家生活史，更訴說著台灣先民與這塊土地共同成長的歷史；而新生的蓮花為這裏帶來了清新、芬芳的氣息。。這裡的蓮田近4甲之大，主要種植大賀蓮、白玉湘蓮及牡丹蓮；農場中有大堀溪貫穿，瓜棚走道亦沿著蓮池及溪旁環繞。我們隨著賞蓮區的指標進入販賣部前的竹棚長亭，一陣古箏的輕柔之樂傳來，一群人正隨著樂聲，專注的用竹草編織飾物，空氣中流露著優閒的古...,,,1150901,1150930,(03)4980753,(03)4982274,328,68000,觀音區,大富路221號,,,https://lin-jia.com/,121.128688,24.998836,體驗,https://ezgo.ardswc.gov.tw/_api/content/images/agrispots/137/480x360_20200326-03.jpg
香格里拉休閒農場,Shangrila Leisure Farm(香格里拉休閒農場),,【香格里拉休閒農場】位於宜蘭縣冬山鄉海拔250公尺的山麓上，氣候舒適景色怡人，農場內規劃住宿區、農村體驗區、廟口文化區、烏心石樹林自然生態區等區域，讓旅人不需往高海拔的山上跑，即可在山林裡體驗生態自然、享受森呼吸放鬆身心。。農場住宿區「松羅館」以珍貴台灣紅檜打造視野極佳景觀客房，此檜木均來自太平山千年的神木，一推開房門，便可感受檜木清香撲鼻而來，吸收千年神木散發出來的芬多精，增進您的能量。松羅館的房型包含雙人房、四人房、樓中樓房型等，以滿足不同客源的需求。。最具特色的「廟口文化區」更規畫一連...,Shangrila Leisure Farming is located on Dayuan Mountain and covers an area of 55 hectares divided into an accommodation area， agricultural area， temple culture area， and Formosan Michelia natural forest ecosystem area. The farm provides country-style buffets， set meals， and a garden caf&eacute； in addition to one-day and two-day itineraries.。The biggest feature of the farm is the temple culture area， which has top spinning， puppetry， sky lanterns， and tangyuan. You can also make harvest baskets...,,1150901,1150930,(03)9511456,(03)9515222,269,10002,冬山鄉,大進村梅山路168號,No. 168， Meishan Rd.， Dajing Vil.,,http://www.shangrilas.com.tw/shangrila/,121.729009,24.632506,餐飲,https://ezgo.ardswc.gov.tw/_api/content/images/agrispots/99/480x360_rz3equhyf0nq6j8cp8m50adun1ge4i5t.jpg
奈米休閒農場,,,「葡萄樹，你的使命是成為酒，使神滿足、使人喜樂。」《聖經》對葡萄樹的期盼恰恰落實在位於彰化縣大村鄉的「奈米休閒農場」中。。「奈米休閒農場」是台灣少見以葡萄為主題的農場，主人黃錫瑋二十餘年的苦心研究下，以有機農業的方式結合「生活、生產與生態」三指標，讓園內的巨峰葡萄在寒暑兩季結實纍纍，綠的、紅的、紫的滿掛枝頭。。除了能在葡萄藤架下暢飲瓊漿玉液，體驗酒神的享樂，更能親自動手摘採葡萄，製作葡萄酒、葡萄果醬、葡萄醋釀等廚藝DIY，和彩繪陶藝、生態導覽等，讓來客有豐富新奇的體驗。。做了這麼多事，肚子...,,,1150901,1150930,(09),,515,10007,大村鄉,南勢村南二橫巷8號,,,,120.542694,23.983951,,https://ezgo.ardswc.gov.tw/_api/content/images/agrispots/192/480x360_a82e3b89e49847d3a05a13dbf5e44be2.jpg
鴻旗有機休閒農場,,,「鴻旗有機休閒農場」由教育界退休的許天來老師所創立，農場位於水源保護區內，佔地約十公頃，不但水質未受污，場內肥沃的有機土壤也經過「中華有機農業協會」驗證通過，生產的產品也都經過品質認證，可以讓民眾吃得很健康也很放心。農場由有機農場轉型為休閒農場，目的就是希望可以讓更多人可以了解有機農業對大家健康的重要，也可以了解愛護土地才能讓我們生活的更快樂。。體驗活動。鴻旗採果樂。成團人數：15人。費用：250元/人。內容：生態導覽、火龍果採果1~2顆。產季：2月~3月、6~7月。報名方式：電話...,,,1150901,1150930,(08)7967301,,906,10013,高樹鄉,泰山村25鄰產業路330號,,,,120.611163,22.795271,,https://ezgo.ardswc.gov.tw/_api/content/images/agrispots/25227/480x360_agrispots-image-lzmisleidugvpcmjjwxkcq.jpg
魔菇部落休閒農場,,,無毒新樂園讓小菇不獨處。當蕈優科技農業已經步入正軌同時，創辦人隨即以推廣親子休閒、生態旅遊和樂活美食結合為目標，。創立了「魔菇部落」。。 。以「親子休閒、生態旅遊、樂活美食」為目標，在充滿歡樂與驚奇的魔菇部落裡，可以徜徉碧草綠原、探索菇蕈原始林、還能由覽專員的帶領下，一窺蕈優科技菇類生產庫房，並體驗親手DIY種菇、餅乾DIY和PIZZA DIY的樂趣。。 。魔菇部落是一座以菇類為主題的休閒農場，結合食農教育與寓教於樂的體驗活動，帶您走進菇的奇妙世界。園區提供多元DIY課程，從採菇到菇類...,,,1150901,1150930,(04)8521898,(04)8525288,513,10007,埔心鄉,柳橋東路829號,,,http://www.mmts.com.tw/,0,0,體驗,https://ezgo.ardswc.gov.tw/_api/content/images/agrispots/193/480x360_00(3).jpg
雲也居一休閒農場,,,「雲也居一」是苗栗山區知名的景觀餐廳，地處山腰上，遠眺大雪山山脈，每當天氣轉變、氣溫下降時，白色的霧氣瀰漫整個山嶺，讓人彷彿置身仙境，來到雲也居一不只可以欣賞優美的山景，還能感受到田媽媽彭麗貞親切誠懇的客家風情。。客語「薑麻」是薑母的意思，麗貞媽媽一家人在這裡種出漂亮薑母，研發出一系列「薑」創意料理，還曾獲選為2011年十大神農獎第一名。薑麻園的薑是「種薑」，肉身較長、厚實、芽點多，種在排水性良好、土質紮實的帶石粒土壤中，薑很能吃肥，每種兩年要休耕五年，讓土壤以自然的方式恢復天然養份。。老薑...,,,1150901,1150930,(037)951530,(037)951396,364,10005,大湖鄉,栗林村薑麻園6號,,,https://milehigh.com.tw/,120.828130,24.385720,體驗,https://ezgo.ardswc.gov.tw/_api/content/images/agrispots/3058/480x360_9pn1wt2xqnzdpnb2kzdse8t31ynwx51w.jpg
雪霸休閒農場,,,雪霸休閒農場。  。  說台灣的歐洲花園在雪霸休閒農場，一點兒也不為過。豔陽天的夏日，循著竹 122 線往觀霧的大鹿林道走，沿途林木參天，成群成排的杉木林，為遊客遮陽，消去暑意，到了雪霸休閒農場，依山傍景而建的小木屋群映入眼簾，真正徜徉在山林中，這兒視野最好的地方，就屬園內名符其實的雲海咖啡廳，放眼望去，毫無屏障的視野，可以耗去一整個下午，在這兒靜靜欣賞雲霧在山林間的變化。。  。  。  不只看景，這兒還能品嚐到道地歐式水果，夏天最有名的，就是 7 到 8 月盛產的小藍莓，住宿的房客...,,,1150901,1150930,(03)5856192,(03)5857182,311,10004,五峰鄉,桃山村民石380號,,,https://www.sheipa.com.tw/,121.117813,24.527648,餐飲,https://ezgo.ardswc.gov.tw/_api/content/images/agrispots/142/480x360_20151119170304.jpg
菊園休閒農場,,,菊園休閒農場。位於苗栗大湖與三義交界處的「菊園民宿農場」，可說是當地最具風格的民宿農場，而這裡的房型大緻可分為兩區域：位於菊園民宿農場主建築物下的房型，多有獨有的浪漫風格，讓人有如置身峇里島或五星級飯店的優質感受。而位於菊園庭園後方的民宿，是讓人倍感悠閒的小木屋房間，這兒可是發現螢火蟲的好地方，喜歡大自然生態的旅人，一定會喜歡上這裡。當然了，無論旅人選擇的房型為何，一定都能感受到菊園民宿的熱情與優雅魅力。。(圖片取自：菊園客家庄FB) 。菊園民宿農場位於海拔800公尺的山坡，視野極佳的地理...,,,1150901,1150930,(037)951522,,364,10005,大湖鄉,栗林村9鄰薑麻園13號,,,,120.824567,24.387433,,https://ezgo.ardswc.gov.tw/_api/content/images/agrispots/165/480x360_20151119170506.jpg
白石森活休閒農場,,,白石森活休閒農場。農場座落於內湖碧山路的白石湖社區，具有休閒、教育、生產、體驗四合一功能，於2010年8月取得行政院農委會休閒農場許可登記，為內湖白石湖社區最具特色和農場景觀的美麗戶外休憩園地。 。綠意盎然的自然生態園區。農場位於白石湖山山麓，面積約3800坪，旁邊溪溝上游是清澈的水源頭，風景秀麗，芬多精和陰離子俱足。農場主人從事有機耕作逾30年，平地種植特用植物，坡地種植柚子、蔬果等，其餘大部分為原生林木區，林間蕨類族群茂盛，園區有筆筒樹、臺灣桫欏、鬼桫欏、臺灣樹蕨、觀音座蓮蕨等蕨類植物...,,,1150901,1150930,(02)27943131,,114,63000,內湖區,碧山路58號,,,https://www.whiterockfarm.com.tw/,121.594055,25.105096,,https://ezgo.ardswc.gov.tw/_api/content/images/agrispots/91/480x360_202007291051.jpg
花泉休閒農場,,,走進花泉休閒農場，就要開始享受它自然純真的生活，讓您的步調可以很隨興、很簡單。在這裡沒有城巿的污染和喧囂，你可以借以洗滌滿身的塵埃豐潤心靈，不用花大錢就能得到的單純快樂！園區內有一道一道乾淨又冰冰涼涼的自然湧泉湧出地面，讓喜歡與大自然為伴的朋友，可以享受純樸的休憩時光！。主人在清溪河畔種滿了花、老樟樹和各種水生植物，豐富自然的生態，讓到訪的遊客可以在樹蔭下乘涼，欣賞植物的豐美；清晨，陽光乍現即可看見魚鷹捕獵的英姿，當夜晚來臨時可觀賞蛙類兩棲生態。 午後，溫暖的陽光照耀在身上，踩著悠閒的腳步在田...,,,1150901,1150930,(03)9221506,,264,10002,員山鄉,尚德村八甲路15-1號,,,,121.704623,24.727313,,https://ezgo.ardswc.gov.tw/_api/content/images/agrispots/3002/480x360_ed3ba10d6bb549f9b33f9734cccd088a.jpg
清香休閒農場,,,清香休閒農場位於台北市內湖區大湖山莊通往五指山的路上，99年通過為合法休閒農場、109年通過為特色農遊認證水果類場域～農場裡種植產銷履歷草莓、有機草莓、安心椪柑、有機桶柑、玉女小番茄、蘿蔔、地瓜、楊梅、桂竹筍～農場主人許三奇曾當選過全國模範農民，是個熱愛土地用心耕耘的樸實農民。。農場視野遼闊、停車方便有50個停車位，內溝溪流經園區，依山傍水生態豐富，擁有道地的植種農作物，有椪柑、桶柑、草莓、番茄、地瓜、白蘿蔔&hellip；&hellip；前來採果、DIY、食農體驗、休閒、放鬆、或在柚子林下遠...,,,1150901,1150930,(09),(02)27903466,114,63000,內湖區,大湖街206號,,,https://www.refresh.com.tw/,0,0,,https://ezgo.ardswc.gov.tw/_api/content/images/agrispots/25289/480x360_agrispots-image-n-mk01wnqk6ithob6tusqa.jpg
大坑休閒農場,,,位於台南新化的「大坑休閒農場」是知名的台南景點，由三代同堂共同經營，蔡家阿公阿嬤原來在這塊山坡地種竹筍、種蔬果、養雞，直到第二代蔡爸蔡媽接手後從事畜牧業，並逐漸轉型為休閒農場，這裡不僅有超夢幻超好拍的紫藤花隧道，此外還有山泉SPA、高空滑車、繩索吊橋等多元化休閒設施，不管大人小孩都能玩得很開心！。到這裡當然不能錯過美味佳餚，農場獨創的鄉村特色菜非常多，讓許多饕客都為了他們家的料理與熱情而來，農場的食材都是自家生產，不管是炭烤土雞、炭烤迷你豬或是鮮筍料理都非常受歡迎，尤其竹筍料理更有多達十幾種吃...,,,1150901,1150930,(06)5941555,(06)5940266,712,67000,新化區,大坑里82號,,,https://www.idakeng.com.tw/,120.390500,23.007220,餐飲,https://ezgo.ardswc.gov.tw/_api/content/images/agrispots/34709/480x360_agrispots-image-dminiktug0knrfr9znufjq.jpg
旺山休閒農場,,,旺山休閒農場。旺山休閒農場可聲稱是全國最大的南瓜園，原位於宜蘭縣壯圍鄉新南村蘭陽溪堤防旁的旺山哈密瓜園，初經營時沒有店面只有手寫字的招牌，以新疆哈密瓜為主要種植，為了轉型為休閒農業，開始收集世界各國南瓜品種，堅持嚴格篩選及細心培育，現今園區內奇形怪狀又五顏六色的造型南瓜以及如大紅燈籠高掛的大紅南瓜&hellip；&hellip；等等，已經擁有高達百種以上的品種。排除南瓜僅能食用的觀點，園區內的南瓜更可觀賞或當擺飾。每年5月份端午節前後是其盛產期，總是吸引著許多遊客駐足觀賞，在南瓜隧道中穿梭拍照...,,,1150901,1150930,(09),(03)9382870,263,10002,壯圍鄉,新南村新南路106-11號,,,,121.807281,24.726650,體驗,https://ezgo.ardswc.gov.tw/_api/content/images/agrispots/25384/480x360_agrispots-image-z3tm2_l-tk-jfhvff9630a.jpg
好時節休閒農場,,,好時節休閒農場善用農場的生產、生活、生態農業資源，努力營造農村食、農、遊、藝、景五大領域之主題特色，富有豐富的自然生態以及節能永續的環保巧思，不斷提升內部人員之服務品質，讓遊客可以親身感受農村溫暖的人情味；許多農村的工藝與美好事物正不斷流失與消逝，希望好時節休閒農場可以成為見證農村之美與感受農村豐富生命力的快樂天堂。。體驗活動。固定推出。窯烤pizza diy。藉由真實的體驗過程，結合好時節農莊中的永續菜園，認識在地的新鮮食材，親自動手操作，完整地了解產地到餐桌的過程，並使用環保節能的「...,,,1150901,1150930,(03)3889689,(03)3887489,335,68000,大溪區,康莊路三段225號,,,https://www.luckytime.com.tw/,121.282110,24.854354,體驗,https://ezgo.ardswc.gov.tw/_api/content/images/agrispots/139/480x360_70v27h3z38cc7st93dmvhskwu4ysva88.jpg
大塭休閒農場,,,大塭觀光休閒養殖區於民國七十四年成立，以純淨的海水養殖紅蟳青蟳魚蝦等，質好味美，其中又以蟹黃飽滿，肉質甜美的紅蟳、青蟳最受歡迎。因此，大塭養殖區向以生產「蘭陽蟳」為美名。隨國人休閒觀念風潮盛行，於民國八十八年轉型成結合餐飲與養殖魚業休閒體驗特色園區，其中，經常受報章媒體雜誌報導推薦的「蘭陽蟳屋餐廳」以選用當季海鮮料理聞名，其中更以各式紅蟳料理最為知名，您可以在擁有佔地寬廣的餐廳內，享受鮮嫩海鮮的美味。。在漁業體驗方面，可提供民眾從事捉泥鰍、划鴨母船、抓虱目魚、踩水車、魚拓、魚丸DIY以及用傳統...,,,1150901,1150930,(03)9870558,,262,10002,礁溪鄉,玉龍路二段497號,,,https://www.dawen.com.tw/,121.796456,24.819497,,https://ezgo.ardswc.gov.tw/_api/content/images/agrispots/100/480x360_20151124173916.jpg
天山休閒農場,,,天山農場位於宜蘭縣三星鄉天送埤休閒農業區內，佔地約三公頃，創立於民國七十一年，原本為養豬農場，於民國九十二年設立以豬為主題的休閒農場，農場四周環境為一口袋型盆地，三面環山，為天送埤下湖所在地。入口處有安農溪繞過，泛舟碼頭就在農場正門口，鄰近為砌石田埂梯田純樸恬靜的地貌。自然生態豐富，來此一遊彷彿置身陶淵明所言「採菊東離籬下，悠然見南山」之情境。。關於我們。位在宜蘭縣天送埤的天山農場，是一個三面環山，俯視三星鄉沃野平疇的好地方，安農溪的流水，揚起泛舟船槳的追逐，豬寶寶文物館，訴說主人與豬隻相戀...,,,1150901,1150930,(03)9891698,,266,10002,三星鄉,天山村下湖路1號,,,https://tianshan.yilan-travel.com.tw/?fbclid=IwAR3nQDJpBhDpBdnaQf0s4rcAKzT3I0ujAyTknC5FDg0zA32ujsirb0m792w,121.628330,24.656366,,https://ezgo.ardswc.gov.tw/_api/content/images/agrispots/132/480x360_yk0ipbm2ftwm20rf577z2j686f7vfx3c.jpg
不一樣鱷魚生態休閒農場,,,臺灣鱷魚王在這裡。不一樣鱷魚生態休閒農場，位於屏東潮州，是一個擁有很多「不一樣」元素的休閒農場，農場適合農村旅遊，生態體驗，場內自然環境豐富，除了有多品種的鱷魚，包括河口鱷、尼羅河鱷、凱門鱷等，還有很多親近人的小動物，包括雞、鵝、兔子、象龜等。也常有野生的鳥類棲息。。不一樣的生態教育。各種動物的有趣行為，例如，母雞帶小雞、龜兔賽跑、雞睡樹上，鱷魚繁殖的護巢行為，烏龜愛吃姑婆芋等，除了觀察也能互動，並了解動物與自然的共生，認識動物，愛護動物，讓喜歡生態的朋友有個友善接觸的環境。。全身都是寶...,,,1150901,1150930,(09),(08)7881707,920,10013,潮州鎮,太平路600巷108號,,,http://www.crocodile-farm.com.tw/,120.535147,22.562699,體驗,https://ezgo.ardswc.gov.tw/_api/content/images/agrispots/252/480x360_鱷魚農場景觀-06-resize.jpg
梅居休閒農場,,,位於陽明山平菁街43巷底的梅居休閒農場，印入眼簾的是群山環繞的壯闊，感受的是遠離塵囂的幽靜。。感念長輩辛勞耕耘的橘子園地，郭大哥與安心姊將荒蕪橘子園，開創出與山林動植物和諧共生的永續環保農場。。我們希望每位蒞臨的客人，都能好好享受山上新鮮空氣、眺望台北盆地美景，從體內至感官，都能享受友善自然的愉悅時光。。在地美食。農場附設無菜單蔬食餐廳，主廚運用時令蔬果，烹調出各式各樣的蔬食料理，堅持使用當地食材，縮短從產地到餐桌的時間，讓客人品嘗最新鮮、健康的料理。。餐廳經中國回教協會核發的穆斯林友...,,,1150901,1150930,(09),,111,63000,士林區,平等里平菁街43巷99號,,,https://www.meigfarm.com/,121.575238,25.141247,,https://ezgo.ardswc.gov.tw/_api/content/images/agrispots/25120/480x360_agrispots-image-khbonm2dh0udqkznzbk59a.png
今夜星辰休閒農場,,,在2009年的時，施先生搬到彰化石牌里想遠離城市喧囂，偶然看到一位歐吉桑從山上抓著松鼠下來，並且接連好幾次每天都在同一時間帶著數隻松鼠下山，創辦人好奇的問歐吉桑:請問松鼠要帶去哪裡?。歐吉桑面色凝重而不答，這是第一次，接連第二次，第三次..，歐吉桑不是避開就是怒而不答。直到有一天歐吉桑才娓娓道來，原來是松鼠吃了他的果實，破壞了他辛苦地耕作也斷了家庭的經濟命脈。在不得已情況下才把松鼠抓下利用水缸淹死。施先生聽到餘心不忍，於是開口跟歐吉桑說:不如抓到都給我飼養吧..「一開始我只是擔心松鼠的狀況好不...,,,1150901,1150930,(04)7323111,,500,10007,彰化市,石牌路一段428號,,,,120.606462,24.052155,,https://ezgo.ardswc.gov.tw/_api/content/images/agrispots/3160/480x360_77d72a3f4d7842bda1f843294728af16.jpg
華一休閒農場,,,簡介。嘉南羊乳高雄區示範牧場號稱「六星級」的養羊場，華一休閒農場擁有完整的乳羊生態與綠意盎然的環境，除了提供給高雄市各級學校生態教育場所外，更是屬於高雄市民的一個後花園。。體驗活動。農場提供近距離接觸羊群，還可以認識羊奶、體驗各式羊奶製品。體驗包含乳羊生態導覽、餵羊咩咩、品嘗現擠羊乳等適合親子的活動,,,1150901,1150930,(07)8155666,,840,64000,大樹區,和山路198號,,,,120.414920,22.696229,,https://ezgo.ardswc.gov.tw/_api/content/images/agrispots/4203/480x360_4one08.jpg
梅花湖休閒農場,,,梅花湖休閒農場毗臨宜蘭最有名的梅花湖風景區，依山傍水，自然景觀渾然天成，園內追逐嬉戲的小動物們，優游自在，豐富的自然環境，提供您舒適的渡假休閒環境，園區提供住宿、烤肉、漆彈體驗活動、套裝體驗行程....等服務。。完善的設備讓來到這裡的朋友深感舒暢，讓愛好大自然、喜歡露營的朋友自由嬉戲，而愛好刺激的人，可在漆彈場上體驗野戰叢林的快感哦！。【如欲安排前往建議事先電話聯繫確認】。營業時間。24小時。推薦一日遊。上午：。體驗當地生態環境。。中午：。預約手工 DIY 無論是香草手工餅乾或...,,,1150901,1150930,(09),,269,10002,冬山鄉,環湖路66號,,,,121.734616,24.649319,餐飲,https://ezgo.ardswc.gov.tw/_api/content/images/agrispots/110/480x360_h85ymsxfnuc6u2z3rq68qt0v2b27ajhf.jpg
天使花園休閒農場,,,天使花園休閒農場是台灣第一間以「蘭花」為主題的休閒農場，農場內除了有蘭花溫室、大片草地、戲沙區之外，還有一座白色教堂玻璃屋是最為吸睛。。為響應友愛環境、食農教育的政策，天使花園休閒農場所提供的無國界料理，食材均使用來自在地小農的安心食材，如：無毒檸檬、老鷹紅豆、搖滾雞、有機蔬菜等，希望提供給客人健康美味的各式料理。。園區內除了餐飲外，也舉辦各式手作DIY活動，是一個「認識蘭花生態、觀賞蘭花之美、創作蘭花藝術」的遊憩教育場所，也是一處極為別緻的花園餐宴會所，無論是三五親友相聚、團體餐敘、特殊節...,,,1150901,1150930,(08)7801699,,911,10013,竹田鄉,鳳明村福安路120巷101號,,,https://reurl.cc/9DEVon,120.513606,22.564681,,https://ezgo.ardswc.gov.tw/_api/content/images/agrispots/4317/480x360_IMG_8716.jpg
私房雨露休閒農場,,,真心&middot；相待。打造私房雨露莊園的起心動念，是要分享山林的美好，讓來到園區的每一位朋友，從山林、環境、食材、料理，都得到最棒的感受。故事，就是從款待的心意開始，發展成一座森林院子。,,,1150901,1150930,(04)25942179,,424,66000,和平區,東關路一段松鶴三項58-11號,,,https://www.kurasu.tw/,120.974566,24.173807,,https://ezgo.ardswc.gov.tw/_api/content/images/agrispots/32426/480x360_agrispots-image-q9_z6nkalkgsh3z_6j07tg.jpg
水寨一方休閒農場,,,水寨一方農場位於台中市東勢區梨之鄉休閒農業區，主要栽種作物有甜柿、臍橙、桶柑、火龍果、樹葡萄 &hellip；等，近2年為增加農場產品豐富性，再增加砂糖橘、佛利檬、洛神花等多種蔬果，讓來訪遊客不需此行满載而歸。。農場以草生栽培方式經營，開放農場給遊客預約體驗採果及傳承客家美食DIY活動。。園區內提供採果-9月甜柿、10月樹葡萄及洛神花、12月柑橘，另有洛神花蜜餞體驗活動、農特產品如洛神花乾、洛神花醬、甜柿果乾等。活動項目:。1. 採果體驗(請提前預約)。開放採果期間：甜柿(9月~11月...,,,1150901,1150930,(09),,423,66000,東勢區,東崎路三段396號,,,https://luoyuki2.wixsite.com/donshi,120.866874,24.259113,,https://ezgo.ardswc.gov.tw/_api/content/images/agrispots/29793/480x360_agrispots-image-j8kk2wzmhkwgsuh9wtqmxa.jpeg
銘泉生態休閒農場,Ming Chuan Ecological Leisure Farm(銘泉生態休閒農場),銘泉生態レジャー農場,有機三生農場。92年起，銘泉農場逐漸在各田區推行有機耕種，堅守果子該有的味，一步步探索食材的原味，如今20幾公頃的農地已取得有機認證，主力供應宅配與有機體系。堅守鳳梨本業，站穩腳步後，一如父親的遠見與先行，吳堅銘跳脫農場生產者的制約，將部份田區規劃成生態、生活、生命共存的休閒農場。。清澈山泉蜿蜒而生的生態池，臺北赤蛙嘰嘰鳴唱；鳳蝶在百花園中曼妙起舞；魚蝦優游在莎草裡捉迷藏&hellip； 「小時候，一抬頭就看到木瓜園裡，紅嘴黑鵯或五色鳥成群結伴啄果，萬物共存是一種生活日常」。於是，吳堅銘與妻...,The content of this article is sourced from Special Agro-tourism Spot Certification.。A Pineapple Family Recognized by the Shennong Award。Ming Quan， situated at the foot of Dawushan in Pingtung， is a &ldquo；pineapple family&rdquo； that has passed down the tradition for three generations. The family has grown pineapples for more than half a century， and the second-generation owner Wu Mu-quan received the Shennong Award. With the superb quality of their pineapples， they became one of the first re...,この記事の内容は「特色ある農業の旅のスポット認証」より引用しています。。農賞の信頼を獲得したパイナップル一族。屏東県大武山のふもとに位置する「銘泉」は三代にわたる「パイナップル一族」です。パイナップルの栽培はすでに半世紀を超え、2代目の継承者である呉木泉さんは「神農賞」受賞の信頼を獲得しています。このようにして育まれてきたパイナップルは素晴らしい品質であることから、台湾から日本に初めて輸出された、パイナップルを代表する農家となりました。三代目の呉堅銘さんは子どものころから農業に親しみ、しっか...,1150901,1150930,(08)7990220,,903,10013,瑪家鄉,佳義村11鄰泰平巷114-20號,No. 114-6， Majia,佳義村114-6号,https://www.lohasplus.com.tw/index.php?Act=125&MK=125&PK=745&L=1,120.631750,22.662027,,https://ezgo.ardswc.gov.tw/_api/content/images/agrispots/952/480x360_d687ba9e071c42e08909526d713aaf21.jpg
官老爺休閒農場,,,官老爺休閒農場整合農民開發規劃一年四季不同季節不同產業的制式與客制式農村體驗進行遊程行銷與販售。玩ㄟ找 官老爺休閒農場、 呷ㄟ找 官夫人田園料理。官官相護提供場地安排套裝行程滿足遊客玩在地體驗。如:炒冰DIY、哈密瓜醬瓜DIY、豆腐乳DIY、蔥油餅DIY、竹筏秧桶船體驗。呷在地美食如:南瓜米粉、蜜瓜鮮肉、哈密瓜杏鮑菇、哈密瓜雞湯等-----瓜瓜風味餐及古早味豆腐乳伴手禮。。體驗活動。炒冰DIY、哈密瓜醬瓜DIY、豆腐乳DIY、蔥油餅DIY、竹筏秧桶船體驗、地瓜粉DIY。遊覽景點。壯圍沙丘...,,,1150901,1150930,(03)9253517,,263,10002,壯圍鄉,新南村霧罕路3號,,,,121.805013,24.720550,,https://ezgo.ardswc.gov.tw/_api/content/images/agrispots/3012/480x360_btibix4ue7m9c4gmmi0pzw8zjj1ct9z4.png
綠寶石休閒農場,Emerald Leisure Farm(綠寶石休閒農場),緑宝石レジャー農場,簡介。綠寶石農場位於宜蘭三星，農場是規模偏小型的生態農場，面積約5288平方公尺，主要是以慢活住宿、樂於農事體驗為前提，本農場通過【國際美育自然生態基金會】有機認證至今約8年，農場不大但是農作物非常豐富，當季作物達10種以上，且有蔬菜(當季)、水果(紅龍果)、花穗(香水睡蓮)，還有雞鴨魚豬可以讓大朋友小朋友體驗不一樣的生活!!!農場生態也維護得非常好。對於推動有機食農教育是非常好的場所!!從農作物直接到餐桌享受不一樣的樂趣！。住宿資訊。【藍色海洋4人房】。訂房專線：0963357181 ...,The content of this article is sourced from Special Agro-tourism Spot Certification.。Small and Exquisite Mini Organic Farm。Emerald Leisure Farm is located in the lightly populated Renhe Village and only covers an area of 5，288 square meters. It is a &ldquo；non-leisure area mini farm，&rdquo； and was officially certified in 2019. Without pesticides or chemical fertilizers， the Farm carries out manual weeding. As early as 7 years a， it acquired MOA organic certification. The Farm mainly produces ...,この記事の内容は「特色ある農業の旅のスポット認証」より引用しています。。小さいながらも美しいオーガニックのミニ農園。「緑宝石オーガニック・レジャー農場」は人口密度の非常に低い人和村に位置しています。面積はたったの5，288平方メートルですが、2019年には「レジャーエリア外の小型農場」を通過しています。全エリアで農薬や化学肥料を散布せず、人の手による除草で7年前には「MOA 国際美育自然生態基金会」のオーガニック認証を取得しています。農場は生産をメインとしています。面積は手狭ですが、作物はと...,1150901,1150930,(09),,266,10002,三星鄉,人和村人和五路302號,No. 302， Renhe 5th Rd.,人和五路302号,https://emeraldfarm.hiweb.tw,121.632531,24.672886,,https://ezgo.ardswc.gov.tw/_api/content/images/agrispots/1309/480x360_5b1fdf7950ca4efeb5c88a3450290866.jpg

